index,province_zh,province_en,city_zh,city_short_zh,admin_type_zh,division_code,city_en,wiki_title_zh,wiki_title_en,lat,lon,slug
1,河北省,Hebei,石家庄市,石家庄,地级市,130100,Shijiazhuang,石家庄市,Shijiazhuang,38.044,114.5139,shijiazhuang
2,河北省,Hebei,唐山市,唐山,地级市,130200,Tangshan,唐山市,Tangshan,39.631,118.179,tangshan
3,河北省,Hebei,秦皇岛市,秦皇岛,地级市,130300,Qinhuangdao,秦皇岛市,Qinhuangdao,39.936,119.6,qinhuangdao
4,河北省,Hebei,邯郸市,邯郸,地级市,130400,Handan,邯郸市,Handan,36.6258,114.5388,handan
5,河北省,Hebei,邢台市,邢台,地级市,130500,Xingtai,邢台市,Xingtai,37.07,114.505,xingtai
6,河北省,Hebei,保定市,保定,地级市,130600,Baoding,保定市,Baoding,38.8745,115.4645,baoding
7,河北省,Hebei,张家口市,张家口,地级市,130700,Zhangjiakou,张家口市,Zhangjiakou,40.7675,114.8858,zhangjiakou
8,河北省,Hebei,承德市,承德,地级市,130800,Chengde,承德市,Chengde,40.953,117.963,chengde
9,河北省,Hebei,沧州市,沧州,地级市,130900,Cangzhou,沧州市,Cangzhou,38.3045,116.8386,cangzhou
10,河北省,Hebei,廊坊市,廊坊,地级市,131000,Langfang,廊坊市,Langfang,39.538,116.684,langfang
11,河北省,Hebei,衡水市,衡水,地级市,131100,Hengshui,衡水市,Hengshui,37.739,115.67,hengshui
12,山西省,Shanxi,太原市,太原,地级市,140100,Taiyuan,太原市,Taiyuan,37.86666667,112.55,taiyuan
13,山西省,Shanxi,大同市,大同,地级市,140200,Datong,大同市,Datong,40.0763,113.2999,datong
14,山西省,Shanxi,阳泉市,阳泉,地级市,140300,Yangquan,阳泉市,Yangquan,37.8573,113.5804,yangquan
15,山西省,Shanxi,长治市,长治,地级市,140400,Changzhi,长治市,Changzhi,36.1953,113.1163,changzhi
16,山西省,Shanxi,晋城市,晋城,地级市,140500,Jincheng,晋城市,Jincheng,35.4895,112.8516,jincheng
17,山西省,Shanxi,朔州市,朔州,地级市,140600,Shuozhou,朔州市,Shuozhou,39.3308,112.432,shuozhou
18,山西省,Shanxi,晋中市,晋中,地级市,140700,Jinzhong,晋中市,Jinzhong,37.6874,112.7516,jinzhong
19,山西省,Shanxi,运城市,运城,地级市,140800,Yuncheng,运城市,Yuncheng,35.0264,111.0076,yuncheng
20,山西省,Shanxi,忻州市,忻州,地级市,140900,Xinzhou,忻州市,Xinzhou,38.4163,112.7341,xinzhou
21,山西省,Shanxi,临汾市,临汾,地级市,141000,Linfen,临汾市,Linfen,36.088,111.519,linfen
22,山西省,Shanxi,吕梁市,吕梁,地级市,141100,Lüliang,吕梁市,Lüliang,37.5184,111.144,luliang
23,内蒙古自治区,Inner Mongolia,呼和浩特市,呼和浩特,地级市,150100,Hohhot,呼和浩特市,Hohhot,40.8421,111.7503,hohhot
24,内蒙古自治区,Inner Mongolia,包头市,包头,地级市,150200,Baotou,包头市,Baotou,40.658,109.8402,baotou
25,内蒙古自治区,Inner Mongolia,乌海市,乌海,地级市,150300,Wuhai,乌海市,Wuhai,39.655,106.7942,wuhai
26,内蒙古自治区,Inner Mongolia,赤峰市,赤峰,地级市,150400,Chifeng,赤峰市,Chifeng,42.2579,118.887,chifeng
27,内蒙古自治区,Inner Mongolia,通辽市,通辽,地级市,150500,Tongliao,通辽市,Tongliao,43.6527,122.2436,tongliao
28,内蒙古自治区,Inner Mongolia,鄂尔多斯市,鄂尔多斯,地级市,150600,Ordos City,鄂尔多斯市,Ordos City,39.6082,109.7814,ordos-city
29,内蒙古自治区,Inner Mongolia,呼伦贝尔市,呼伦贝尔,地级市,150700,Hulunbuir,呼伦贝尔市,Hulunbuir,49.2118,119.7657,hulunbuir
30,内蒙古自治区,Inner Mongolia,巴彦淖尔市,巴彦淖尔,地级市,150800,Bayannur,巴彦淖尔市,Bayannur,40.7433,107.3876,bayannur
31,内蒙古自治区,Inner Mongolia,乌兰察布市,乌兰察布,地级市,150900,Ulanqab,乌兰察布市,Ulanqab,40.995,113.132,ulanqab
32,内蒙古自治区,Inner Mongolia,兴安盟,兴安,盟,152200,Hinggan League,兴安盟,Hinggan League,46.0824,122.0375,hinggan-league
33,内蒙古自治区,Inner Mongolia,锡林郭勒盟,锡林郭勒,盟,152500,Xilingol League,锡林郭勒盟,Xilingol League,43.9335,116.0477,xilingol-league
34,内蒙古自治区,Inner Mongolia,阿拉善盟,阿拉善,盟,152900,Alxa League,阿拉善盟,Alxa League,38.852,105.728,alxa-league
35,辽宁省,Liaoning,沈阳市,沈阳,地级市,210100,Shenyang,沈阳市,Shenyang,41.79555556,123.44805556,shenyang
36,辽宁省,Liaoning,大连市,大连,地级市,210200,Dalian,大连市,Dalian,38.92083333,121.63916667,dalian
37,辽宁省,Liaoning,鞍山市,鞍山,地级市,210300,Anshan,鞍山市,Anshan,41.1083,122.9933,anshan
38,辽宁省,Liaoning,抚顺市,抚顺,地级市,210400,Fushun,抚顺市,Fushun,41.8806,123.957,fushun
39,辽宁省,Liaoning,本溪市,本溪,地级市,210500,Benxi,本溪市,Benxi,41.2942,123.7655,benxi
40,辽宁省,Liaoning,丹东市,丹东,地级市,210600,Dandong,丹东市,Dandong,40.0005,124.3539,dandong
41,辽宁省,Liaoning,锦州市,锦州,地级市,210700,Jinzhou,锦州市,Jinzhou,41.0957,121.1264,jinzhou
42,辽宁省,Liaoning,营口市,营口,地级市,210800,Yingkou,营口市,Yingkou,40.6679,122.2344,yingkou
43,辽宁省,Liaoning,阜新市,阜新,地级市,210900,Fuxin,阜新市,Fuxin,42.0216,121.6696,fuxin
44,辽宁省,Liaoning,辽阳市,辽阳,地级市,211000,Liaoyang,辽阳市,Liaoyang,41.2673,123.237,liaoyang
45,辽宁省,Liaoning,盘锦市,盘锦,地级市,211100,Panjin,盘锦市,Panjin,41.12,122.0709,panjin
46,辽宁省,Liaoning,铁岭市,铁岭,地级市,211200,Tieling,铁岭市,Tieling,42.2238,123.7259,tieling
47,辽宁省,Liaoning,朝阳市,朝阳,地级市,211300,Chaoyang,朝阳市,"Chaoyang, Liaoning",41.5736,120.4494,chaoyang
48,辽宁省,Liaoning,葫芦岛市,葫芦岛,地级市,211400,Huludao,葫芦岛市,Huludao,40.711,120.837,huludao
49,吉林省,Jilin,长春市,长春,地级市,220100,Changchun,长春市,Changchun,43.88458056,125.31843056,changchun
50,吉林省,Jilin,吉林市,吉林,地级市,220200,Jilin City,吉林市,Jilin City,43.836,126.55,jilin-city
51,吉林省,Jilin,四平市,四平,地级市,220300,Siping,四平市,"Siping, Jilin",43.166,124.35,siping
52,吉林省,Jilin,辽源市,辽源,地级市,220400,Liaoyuan,辽源市,Liaoyuan,42.888,125.144,liaoyuan
53,吉林省,Jilin,通化市,通化,地级市,220500,Tonghua,通化市,Tonghua,41.728,125.94,tonghua
54,吉林省,Jilin,白山市,白山,地级市,220600,白山市,白山市,白山市,,,city-jilin
55,吉林省,Jilin,松原市,松原,地级市,220700,松原市,松原市,松原市,,,city-jilin-2
56,吉林省,Jilin,白城市,白城,地级市,220800,Baicheng,白城市,Baicheng,45.62,122.839,baicheng
57,吉林省,Jilin,延边朝鲜族自治州,延边朝鲜族,自治州,222400,Yanbian Korean Autonomous Prefecture,延边朝鲜族自治州,Yanbian Korean Autonomous Prefecture,42.891,129.509,yanbian-korean-autonomous-prefecture
58,黑龙江省,Heilongjiang,哈尔滨市,哈尔滨,地级市,230100,Harbin,哈尔滨市,Harbin,45.80138889,126.52916667,harbin
59,黑龙江省,Heilongjiang,齐齐哈尔市,齐齐哈尔,地级市,230200,Qiqihar,齐齐哈尔市,Qiqihar,47.3536,123.9185,qiqihar
60,黑龙江省,Heilongjiang,鸡西市,鸡西,地级市,230300,Jixi,鸡西市,Jixi,45.2956,130.969,jixi
61,黑龙江省,Heilongjiang,鹤岗市,鹤岗,地级市,230400,Hegang,鹤岗市,Hegang,47.35,130.298,hegang
62,黑龙江省,Heilongjiang,双鸭山市,双鸭山,地级市,230500,Shuangyashan,双鸭山市,Shuangyashan,46.646,131.1586,shuangyashan
63,黑龙江省,Heilongjiang,大庆市,大庆,地级市,230600,Daqing,大庆市,Daqing,46.589,125.104,daqing
64,黑龙江省,Heilongjiang,伊春市,伊春,地级市,230700,Yichun,伊春市,"Yichun, Heilongjiang",47.7276,128.8406,yichun-heilongjiang
65,黑龙江省,Heilongjiang,佳木斯市,佳木斯,地级市,230800,Jiamusi,佳木斯市,Jiamusi,46.8,130.318,jiamusi
66,黑龙江省,Heilongjiang,七台河市,七台河,地级市,230900,Qitaihe,七台河市,Qitaihe,45.772,131.0017,qitaihe
67,黑龙江省,Heilongjiang,牡丹江市,牡丹江,地级市,231000,Mudanjiang,牡丹江市,Mudanjiang,44.552,129.633,mudanjiang
68,黑龙江省,Heilongjiang,黑河市,黑河,地级市,231100,Heihe,黑河市,Heihe,50.245,127.528,heihe
69,黑龙江省,Heilongjiang,绥化市,绥化,地级市,231200,Suihua,绥化市,Suihua,46.654,126.969,suihua
70,黑龙江省,Heilongjiang,大兴安岭地区,大兴安岭,地区,232700,Daxing'anling Prefecture,大兴安岭地区,Daxing'anling Prefecture,,,daxinganling-prefecture
71,江苏省,Jiangsu,南京市,南京,地级市,320100,Nanjing,南京市,Nanjing,32.04388889,118.77861111,nanjing
72,江苏省,Jiangsu,无锡市,无锡,地级市,320200,Wuxi,无锡市,Wuxi,31.49,120.313,wuxi
73,江苏省,Jiangsu,徐州市,徐州,地级市,320300,Xuzhou,徐州市,Xuzhou,34.205,117.283,xuzhou
74,江苏省,Jiangsu,常州市,常州,地级市,320400,Changzhou,常州市,Changzhou,31.81,119.976,changzhou
75,江苏省,Jiangsu,苏州市,苏州,地级市,320500,Suzhou,苏州市,Suzhou,31.3,120.61666667,suzhou-jiangsu
76,江苏省,Jiangsu,南通市,南通,地级市,320600,Nantong,南通市,Nantong,31.98,120.895,nantong
77,江苏省,Jiangsu,连云港市,连云港,地级市,320700,Lianyungang,连云港市,Lianyungang,34.597,119.222,lianyungang
78,江苏省,Jiangsu,淮安市,淮安,地级市,320800,Huai'an,淮安市,Huai'an,33.55,119.114,huaian
79,江苏省,Jiangsu,盐城市,盐城,地级市,320900,Yancheng,盐城市,Yancheng,33.347,120.164,yancheng
80,江苏省,Jiangsu,扬州市,扬州,地级市,321000,Yangzhou,扬州市,Yangzhou,32.393,119.415,yangzhou
81,江苏省,Jiangsu,镇江市,镇江,地级市,321100,Zhenjiang,镇江市,Zhenjiang,32.188,119.428,zhenjiang
82,江苏省,Jiangsu,泰州市,泰州,地级市,321200,Taizhou,泰州市,"Taizhou, Jiangsu",32.455,119.923,taizhou-jiangsu
83,江苏省,Jiangsu,宿迁市,宿迁,地级市,321300,Suqian,宿迁市,Suqian,33.9624,118.2757,suqian
84,浙江省,Zhejiang,杭州市,杭州,地级市,330100,Hangzhou,杭州市,Hangzhou,30.24916667,120.20527778,hangzhou
85,浙江省,Zhejiang,宁波市,宁波,地级市,330200,Ningbo,宁波市,Ningbo,29.86361111,121.62083333,ningbo
86,浙江省,Zhejiang,温州市,温州,地级市,330300,Wenzhou,温州市,Wenzhou,27.993,120.699,wenzhou
87,浙江省,Zhejiang,嘉兴市,嘉兴,地级市,330400,Jiaxing,嘉兴市,Jiaxing,30.754,120.759,jiaxing
88,浙江省,Zhejiang,湖州市,湖州,地级市,330500,Huzhou,湖州市,Huzhou,30.894,120.087,huzhou
89,浙江省,Zhejiang,绍兴市,绍兴,地级市,330600,Shaoxing,绍兴市,Shaoxing,29.995,120.586,shaoxing
90,浙江省,Zhejiang,金华市,金华,地级市,330700,Jinhua,金华市,Jinhua,29.0788,119.6475,jinhua
91,浙江省,Zhejiang,衢州市,衢州,地级市,330800,Quzhou,衢州市,Quzhou,28.97,118.86,quzhou
92,浙江省,Zhejiang,舟山市,舟山,地级市,330900,Zhoushan,舟山市,Zhoushan,29.9852,122.2077,zhoushan
93,浙江省,Zhejiang,台州市,台州,地级市,331000,Taizhou,台州市,"Taizhou, Zhejiang",28.6556,121.4216,taizhou-zhejiang
94,浙江省,Zhejiang,丽水市,丽水,地级市,331100,Lishui,丽水市,Lishui,28.467,119.923,lishui
95,安徽省,Anhui,合肥市,合肥,地级市,340100,Hefei,合肥市,Hefei,,,hefei
96,安徽省,Anhui,芜湖市,芜湖,地级市,340200,Wuhu,芜湖市,Wuhu,31.353,118.433,wuhu
97,安徽省,Anhui,蚌埠市,蚌埠,地级市,340300,Bengbu,蚌埠市,Bengbu,,,bengbu
98,安徽省,Anhui,淮南市,淮南,地级市,340400,Huainan,淮南市,Huainan,32.625,117.0,huainan
99,安徽省,Anhui,马鞍山市,马鞍山,地级市,340500,Ma'anshan,马鞍山市,Ma'anshan,31.67,118.506,maanshan
100,安徽省,Anhui,淮北市,淮北,地级市,340600,Huaibei,淮北市,Huaibei,33.9565,116.7977,huaibei
101,安徽省,Anhui,铜陵市,铜陵,地级市,340700,Tongling,铜陵市,Tongling,30.9455,117.8115,tongling
102,安徽省,Anhui,安庆市,安庆,地级市,340800,Anqing,安庆市,Anqing,30.532,117.115,anqing
103,安徽省,Anhui,黄山市,黄山,地级市,341000,Huangshan City,黄山市,Huangshan City,29.7148,118.3375,huangshan-city
104,安徽省,Anhui,滁州市,滁州,地级市,341100,Chuzhou,滁州市,Chuzhou,32.2535,118.3283,chuzhou
105,安徽省,Anhui,阜阳市,阜阳,地级市,341200,Fuyang,阜阳市,Fuyang,32.889,115.814,fuyang
106,安徽省,Anhui,宿州市,宿州,地级市,341300,Suzhou,宿州市,"Suzhou, Anhui",33.6464,116.9639,suzhou-anhui
107,安徽省,Anhui,六安市,六安,地级市,341500,Lu'an,六安市,Lu'an,31.7344,116.5214,luan
108,安徽省,Anhui,亳州市,亳州,地级市,341600,Bozhou,亳州市,Bozhou,33.845,115.778,bozhou
109,安徽省,Anhui,池州市,池州,地级市,341700,Chizhou,池州市,Chizhou,30.676533,117.494118,chizhou
110,安徽省,Anhui,宣城市,宣城,地级市,341800,Xuancheng,宣城市,Xuancheng,30.94,118.758,xuancheng
111,福建省,Fujian,福州市,福州,地级市,350100,Fuzhou,福州市,Fuzhou,26.15,119.28333333,fuzhou-fujian
112,福建省,Fujian,厦门市,厦门,地级市,350200,Xiamen,厦门市,Xiamen,,,xiamen
113,福建省,Fujian,莆田市,莆田,地级市,350300,Putian,莆田市,Putian,25.453,119.008,putian
114,福建省,Fujian,三明市,三明,地级市,350400,Sanming,三明市,Sanming,26.263,117.639,sanming
115,福建省,Fujian,泉州市,泉州,地级市,350500,Quanzhou,泉州市,Quanzhou,24.8741,118.6757,quanzhou
116,福建省,Fujian,漳州市,漳州,地级市,350600,Zhangzhou,漳州市,Zhangzhou,24.513,117.6464,zhangzhou
117,福建省,Fujian,南平市,南平,地级市,350700,Nanping,南平市,Nanping,26.6415,118.1779,nanping
118,福建省,Fujian,龙岩市,龙岩,地级市,350800,Longyan,龙岩市,Longyan,25.0757,117.0174,longyan
119,福建省,Fujian,宁德市,宁德,地级市,350900,Ningde,宁德市,Ningde,26.6657,119.5481,ningde
120,江西省,Jiangxi,南昌市,南昌,地级市,360100,Nanchang,南昌市,Nanchang,,,nanchang
121,江西省,Jiangxi,景德镇市,景德镇,地级市,360200,Jingdezhen,景德镇市,Jingdezhen,29.269,117.178,jingdezhen
122,江西省,Jiangxi,萍乡市,萍乡,地级市,360300,Pingxiang,萍乡市,Pingxiang,27.623,113.8545,pingxiang
123,江西省,Jiangxi,九江市,九江,地级市,360400,Jiujiang,九江市,Jiujiang,29.7054,116.0026,jiujiang
124,江西省,Jiangxi,新余市,新余,地级市,360500,Xinyu,新余市,Xinyu,27.8176,114.917,xinyu
125,江西省,Jiangxi,鹰潭市,鹰潭,地级市,360600,Yingtan,鹰潭市,Yingtan,28.2597,117.0686,yingtan
126,江西省,Jiangxi,赣州市,赣州,地级市,360700,Ganzhou,赣州市,Ganzhou,25.8306,114.9328,ganzhou
127,江西省,Jiangxi,吉安市,吉安,地级市,360800,Ji'an,吉安市,Ji'an,27.0875,114.9645,jian
128,江西省,Jiangxi,宜春市,宜春,地级市,360900,Yichun,宜春市,"Yichun, Jiangxi",27.8158,114.4166,yichun-jiangxi
129,江西省,Jiangxi,抚州市,抚州,地级市,361000,Fuzhou,抚州市,"Fuzhou, Jiangxi",27.9494,116.3582,fuzhou-jiangxi
130,江西省,Jiangxi,上饶市,上饶,地级市,361100,Shangrao,上饶市,Shangrao,28.455,117.943,shangrao
131,山东省,Shandong,济南市,济南,地级市,370100,Jinan,济南市,Jinan,36.63333333,117.01666667,jinan
132,山东省,Shandong,青岛市,青岛,地级市,370200,Qingdao,青岛市,Qingdao,36.08333333,120.33333333,qingdao
133,山东省,Shandong,淄博市,淄博,地级市,370300,Zibo,淄博市,Zibo,36.8133,118.0551,zibo
134,山东省,Shandong,枣庄市,枣庄,地级市,370400,Zaozhuang,枣庄市,Zaozhuang,34.8103,117.3235,zaozhuang
135,山东省,Shandong,东营市,东营,地级市,370500,Dongying,东营市,Dongying,37.4334,118.6744,dongying
136,山东省,Shandong,烟台市,烟台,地级市,370600,Yantai,烟台市,Yantai,37.4644,121.4478,yantai
137,山东省,Shandong,潍坊市,潍坊,地级市,370700,Weifang,潍坊市,Weifang,36.7065,119.1622,weifang
138,山东省,Shandong,济宁市,济宁,地级市,370800,Jining,济宁市,Jining,35.415,116.587,jining
139,山东省,Shandong,泰安市,泰安,地级市,370900,Tai'an,泰安市,Tai'an,36.2,117.088,taian
140,山东省,Shandong,威海市,威海,地级市,371000,Weihai,威海市,Weihai,37.5125,122.1152,weihai
141,山东省,Shandong,日照市,日照,地级市,371100,Rizhao,日照市,Rizhao,35.4154,119.5267,rizhao
142,山东省,Shandong,临沂市,临沂,地级市,371300,Linyi,临沂市,Linyi,35.104,118.3556,linyi
143,山东省,Shandong,德州市,德州,地级市,371400,Dezhou,德州市,Dezhou,37.4338,116.3572,dezhou
144,山东省,Shandong,聊城市,聊城,地级市,371500,Liaocheng,聊城市,Liaocheng,36.4571,115.9863,liaocheng
145,山东省,Shandong,滨州市,滨州,地级市,371600,Binzhou,滨州市,Binzhou,37.381,117.971,binzhou
146,山东省,Shandong,菏泽市,菏泽,地级市,371700,Heze,菏泽市,Heze,35.2328,115.4822,heze
147,河南省,Henan,郑州市,郑州,地级市,410100,Zhengzhou,郑州市,Zhengzhou,34.75,113.63333333,zhengzhou
148,河南省,Henan,开封市,开封,地级市,410200,Kaifeng,开封市,Kaifeng,34.7975,114.3079,kaifeng
149,河南省,Henan,洛阳市,洛阳,地级市,410300,Luoyang,洛阳市,Luoyang,34.6195,112.4543,luoyang
150,河南省,Henan,平顶山市,平顶山,地级市,410400,Pingdingshan,平顶山市,Pingdingshan,33.7664,113.1916,pingdingshan
151,河南省,Henan,安阳市,安阳,地级市,410500,Anyang,安阳市,Anyang,36.0973,114.3922,anyang
152,河南省,Henan,鹤壁市,鹤壁,地级市,410600,Hebi,鹤壁市,Hebi,35.7481,114.2964,hebi
153,河南省,Henan,新乡市,新乡,地级市,410700,Xinxiang,新乡市,Xinxiang,35.303,113.926,xinxiang
154,河南省,Henan,焦作市,焦作,地级市,410800,Jiaozuo,焦作市,Jiaozuo,35.2158,113.2421,jiaozuo
155,河南省,Henan,濮阳市,濮阳,地级市,410900,Puyang,濮阳市,Puyang,35.762,115.028,puyang
156,河南省,Henan,许昌市,许昌,地级市,411000,Xuchang,许昌市,Xuchang,34.036,113.852,xuchang
157,河南省,Henan,漯河市,漯河,地级市,411100,Luohe,漯河市,Luohe,33.58,114.016,luohe
158,河南省,Henan,三门峡市,三门峡,地级市,411200,Sanmenxia,三门峡市,Sanmenxia,34.773,111.2,sanmenxia
159,河南省,Henan,南阳市,南阳,地级市,411300,Nanyang,南阳市,"Nanyang, Henan",32.9897,112.5282,nanyang
160,河南省,Henan,商丘市,商丘,地级市,411400,Shangqiu,商丘市,Shangqiu,34.4146,115.6558,shangqiu
161,河南省,Henan,信阳市,信阳,地级市,411500,Xinyang,信阳市,Xinyang,32.1472,114.0903,xinyang
162,河南省,Henan,周口市,周口,地级市,411600,Zhoukou,周口市,Zhoukou,33.6263,114.6968,zhoukou
163,河南省,Henan,驻马店市,驻马店,地级市,411700,Zhumadian,驻马店市,Zhumadian,33.0108,114.0216,zhumadian
164,湖北省,Hubei,武汉市,武汉,地级市,420100,Wuhan,武汉市,Wuhan,30.58333333,114.31666667,wuhan
165,湖北省,Hubei,黄石市,黄石,地级市,420200,Huangshi,黄石市,Huangshi,30.2,115.039,huangshi
166,湖北省,Hubei,十堰市,十堰,地级市,420300,Shiyan,十堰市,Shiyan,32.6295,110.7983,shiyan
167,湖北省,Hubei,宜昌市,宜昌,地级市,420500,Yichang,宜昌市,Yichang,30.70444444,111.28861111,yichang
168,湖北省,Hubei,襄阳市,襄阳,地级市,420600,Xiangyang,襄阳市,Xiangyang,32.009,112.123,xiangyang
169,湖北省,Hubei,鄂州市,鄂州,地级市,420700,Ezhou,鄂州市,Ezhou,,,ezhou
170,湖北省,Hubei,荆门市,荆门,地级市,420800,Jingmen,荆门市,Jingmen,31.0354,112.1995,jingmen
171,湖北省,Hubei,孝感市,孝感,地级市,420900,Xiaogan,孝感市,Xiaogan,30.9176,113.9571,xiaogan
172,湖北省,Hubei,荆州市,荆州,地级市,421000,Jingzhou,荆州市,Jingzhou,30.335,112.24,jingzhou
173,湖北省,Hubei,黄冈市,黄冈,地级市,421100,Huanggang,黄冈市,Huanggang,30.4537,114.8722,huanggang
174,湖北省,Hubei,咸宁市,咸宁,地级市,421200,Xianning,咸宁市,Xianning,,,xianning
175,湖北省,Hubei,随州市,随州,地级市,421300,Suizhou,随州市,Suizhou,31.6901,113.3825,suizhou
176,湖北省,Hubei,恩施土家族苗族自治州,恩施土家族苗族,自治州,422800,Enshi Tujia and Miao Autonomous Prefecture,恩施土家族苗族自治州,Enshi Tujia and Miao Autonomous Prefecture,30.272,109.488,enshi-tujia-and-miao-autonomous-prefecture
177,湖南省,Hunan,长沙市,长沙,地级市,430100,Changsha,长沙市,Changsha,,,changsha
178,湖南省,Hunan,株洲市,株洲,地级市,430200,Zhuzhou,株洲市,Zhuzhou,27.828,113.134,zhuzhou
179,湖南省,Hunan,湘潭市,湘潭,地级市,430300,Xiangtan,湘潭市,Xiangtan,27.83,112.944,xiangtan
180,湖南省,Hunan,衡阳市,衡阳,地级市,430400,Hengyang,衡阳市,Hengyang,26.893,112.572,hengyang
181,湖南省,Hunan,邵阳市,邵阳,地级市,430500,Shaoyang,邵阳市,Shaoyang,27.239,111.4675,shaoyang
182,湖南省,Hunan,岳阳市,岳阳,地级市,430600,Yueyang,岳阳市,Yueyang,29.3567,113.1289,yueyang
183,湖南省,Hunan,常德市,常德,地级市,430700,Changde,常德市,Changde,29.0317,111.6987,changde
184,湖南省,Hunan,张家界市,张家界,地级市,430800,Zhangjiajie,张家界市,Zhangjiajie,29.117,110.479,zhangjiajie
185,湖南省,Hunan,益阳市,益阳,地级市,430900,Yiyang,益阳市,Yiyang,28.554,112.355,yiyang
186,湖南省,Hunan,郴州市,郴州,地级市,431000,Chenzhou,郴州市,Chenzhou,25.77,113.0161,chenzhou
187,湖南省,Hunan,永州市,永州,地级市,431100,Yongzhou,永州市,Yongzhou,26.42,111.613,yongzhou
188,湖南省,Hunan,怀化市,怀化,地级市,431200,Huaihua,怀化市,Huaihua,27.5695,110.0017,huaihua
189,湖南省,Hunan,娄底市,娄底,地级市,431300,Loudi,娄底市,Loudi,27.7,111.993,loudi
190,湖南省,Hunan,湘西土家族苗族自治州,湘西土家族苗族,自治州,433100,Xiangxi Tujia and Miao Autonomous Prefecture,湘西土家族苗族自治州,Xiangxi Tujia and Miao Autonomous Prefecture,28.312,109.739,xiangxi-tujia-and-miao-autonomous-prefecture
191,广东省,Guangdong,广州市,广州,地级市,440100,Guangzhou,广州市,Guangzhou,23.11666667,113.25,guangzhou
192,广东省,Guangdong,韶关市,韶关,地级市,440200,Shaoguan,韶关市,Shaoguan,24.8108,113.5966,shaoguan
193,广东省,Guangdong,深圳市,深圳,地级市,440300,Shenzhen,深圳市,Shenzhen,22.62,114.07,shenzhen
194,广东省,Guangdong,珠海市,珠海,地级市,440400,Zhuhai,珠海市,Zhuhai,22.2711,113.577,zhuhai
195,广东省,Guangdong,汕头市,汕头,地级市,440500,Shantou,汕头市,Shantou,23.354,116.6821,shantou
196,广东省,Guangdong,佛山市,佛山,地级市,440600,Foshan,佛山市,Foshan,23.022,113.1207,foshan
197,广东省,Guangdong,江门市,江门,地级市,440700,Jiangmen,江门市,Jiangmen,22.59777778,113.09083333,jiangmen
198,广东省,Guangdong,湛江市,湛江,地级市,440800,Zhanjiang,湛江市,Zhanjiang,21.2719,110.3604,zhanjiang
199,广东省,Guangdong,茂名市,茂名,地级市,440900,Maoming,茂名市,Maoming,21.6627,110.9259,maoming
200,广东省,Guangdong,肇庆市,肇庆,地级市,441200,Zhaoqing,肇庆市,Zhaoqing,23.047,112.465,zhaoqing
201,广东省,Guangdong,惠州市,惠州,地级市,441300,Huizhou,惠州市,Huizhou,23.112,114.415,huizhou
202,广东省,Guangdong,梅州市,梅州,地级市,441400,Meizhou,梅州市,Meizhou,24.289,116.122,meizhou
203,广东省,Guangdong,汕尾市,汕尾,地级市,441500,Shanwei,汕尾市,Shanwei,22.786,115.375,shanwei
204,广东省,Guangdong,河源市,河源,地级市,441600,Heyuan,河源市,Heyuan,23.7437,114.7007,heyuan
205,广东省,Guangdong,阳江市,阳江,地级市,441700,Yangjiang,阳江市,Yangjiang,21.8584,111.9816,yangjiang
206,广东省,Guangdong,清远市,清远,地级市,441800,Qingyuan,清远市,Qingyuan,23.682,113.056,qingyuan
207,广东省,Guangdong,东莞市,东莞,地级市,441900,Dongguan,东莞市,Dongguan,23.021,113.7517,dongguan
208,广东省,Guangdong,中山市,中山,地级市,442000,Zhongshan,中山市,Zhongshan,22.51666667,113.38333333,zhongshan
209,广东省,Guangdong,潮州市,潮州,地级市,445100,Chaozhou,潮州市,Chaozhou,23.66666667,116.63333333,chaozhou
210,广东省,Guangdong,揭阳市,揭阳,地级市,445200,Jieyang,揭阳市,Jieyang,23.5487,116.3723,jieyang
211,广东省,Guangdong,云浮市,云浮,地级市,445300,Yunfu,云浮市,Yunfu,22.9155,112.0447,yunfu
212,广西壮族自治区,Guangxi,南宁市,南宁,地级市,450100,Nanning,南宁市,Nanning,22.8161,108.3664,nanning
213,广西壮族自治区,Guangxi,柳州市,柳州,地级市,450200,Liuzhou,柳州市,Liuzhou,24.3262,109.4284,liuzhou
214,广西壮族自治区,Guangxi,桂林市,桂林,地级市,450300,Guilin,桂林市,Guilin,25.2344,110.1799,guilin
215,广西壮族自治区,Guangxi,梧州市,梧州,地级市,450400,Wuzhou,梧州市,Wuzhou,23.4771,111.2788,wuzhou
216,广西壮族自治区,Guangxi,北海市,北海,地级市,450500,Beihai,北海市,Beihai,21.4811,109.1205,beihai
217,广西壮族自治区,Guangxi,防城港市,防城港,地级市,450600,Fangchenggang,防城港市,Fangchenggang,21.6868,108.3538,fangchenggang
218,广西壮族自治区,Guangxi,钦州市,钦州,地级市,450700,Qinzhou,钦州市,Qinzhou,21.98,108.654,qinzhou
219,广西壮族自治区,Guangxi,贵港市,贵港,地级市,450800,Guigang,贵港市,Guigang,23.1115,109.5987,guigang
220,广西壮族自治区,Guangxi,玉林市,玉林,地级市,450900,Yulin,玉林市,"Yulin, Guangxi",22.654,110.1811,yulin-guangxi
221,广西壮族自治区,Guangxi,百色市,百色,地级市,451000,Baise,百色市,Baise,23.9025,106.6182,baise
222,广西壮族自治区,Guangxi,贺州市,贺州,地级市,451100,Hezhou,贺州市,Hezhou,,,hezhou
223,广西壮族自治区,Guangxi,河池市,河池,地级市,451200,Hechi,河池市,Hechi,24.6929,108.0852,hechi
224,广西壮族自治区,Guangxi,来宾市,来宾,地级市,451300,Laibin,来宾市,Laibin,23.7503,109.2213,laibin
225,广西壮族自治区,Guangxi,崇左市,崇左,地级市,451400,Chongzuo,崇左市,Chongzuo,22.3772,107.3651,chongzuo
226,海南省,Hainan,海口市,海口,地级市,460100,Haikou,海口市,Haikou,20.05,110.16666667,haikou
227,海南省,Hainan,三亚市,三亚,地级市,460200,Sanya,三亚市,Sanya,18.2527,109.5111,sanya
228,海南省,Hainan,三沙市,三沙,地级市,460300,Sansha,三沙市,Sansha,16.83416667,112.3375,sansha
229,海南省,Hainan,儋州市,儋州,地级市,460400,Danzhou,儋州市,Danzhou,19.521,109.581,danzhou
230,四川省,Sichuan,成都市,成都,地级市,510100,Chengdu,成都市,Chengdu,30.65833333,104.06444444,chengdu
231,四川省,Sichuan,自贡市,自贡,地级市,510300,Zigong,自贡市,Zigong,29.3386,104.7778,zigong
232,四川省,Sichuan,攀枝花市,攀枝花,地级市,510400,Panzhihua,攀枝花市,Panzhihua,26.5817,101.7183,panzhihua
233,四川省,Sichuan,泸州市,泸州,地级市,510500,Luzhou,泸州市,Luzhou,28.8712,105.4409,luzhou
234,四川省,Sichuan,德阳市,德阳,地级市,510600,Deyang,德阳市,Deyang,31.1271,104.3976,deyang
235,四川省,Sichuan,绵阳市,绵阳,地级市,510700,Mianyang,绵阳市,Mianyang,31.467,104.6779,mianyang
236,四川省,Sichuan,广元市,广元,地级市,510800,Guangyuan,广元市,Guangyuan,32.4354,105.843,guangyuan
237,四川省,Sichuan,遂宁市,遂宁,地级市,510900,Suining,遂宁市,Suining,30.5333,105.5923,suining
238,四川省,Sichuan,内江市,内江,地级市,511000,Neijiang,内江市,Neijiang,29.5801,105.0581,neijiang
239,四川省,Sichuan,乐山市,乐山,地级市,511100,Leshan,乐山市,Leshan,29.55194444,103.76555556,leshan
240,四川省,Sichuan,南充市,南充,地级市,511300,Nanchong,南充市,Nanchong,30.8377,106.1087,nanchong
241,四川省,Sichuan,眉山市,眉山,地级市,511400,Meishan,眉山市,Meishan,30.0768,103.8479,meishan
242,四川省,Sichuan,宜宾市,宜宾,地级市,511500,Yibin,宜宾市,Yibin,28.7522,104.6423,yibin
243,四川省,Sichuan,广安市,广安,地级市,511600,Guang'an,广安市,Guang'an,30.4553,106.633,guangan
244,四川省,Sichuan,达州市,达州,地级市,511700,Dazhou,达州市,Dazhou,31.2088,107.4676,dazhou
245,四川省,Sichuan,雅安市,雅安,地级市,511800,Ya'an,雅安市,Ya'an,29.9805,103.0128,yaan
246,四川省,Sichuan,巴中市,巴中,地级市,511900,Bazhong,巴中市,Bazhong,31.868,106.7473,bazhong
247,四川省,Sichuan,资阳市,资阳,地级市,512000,Ziyang,资阳市,Ziyang,30.1289,104.6278,ziyang
248,四川省,Sichuan,阿坝藏族羌族自治州,阿坝藏族羌族,自治州,513200,Ngawa Tibetan and Qiang Autonomous Prefecture,阿坝藏族羌族自治州,Ngawa Tibetan and Qiang Autonomous Prefecture,31.8994,102.2247,ngawa-tibetan-and-qiang-autonomous-prefecture
249,四川省,Sichuan,甘孜藏族自治州,甘孜藏族,自治州,513300,Garzê Tibetan Autonomous Prefecture,甘孜藏族自治州,Garzê Tibetan Autonomous Prefecture,30.0495,101.9624,garze-tibetan-autonomous-prefecture
250,四川省,Sichuan,凉山彝族自治州,凉山彝族,自治州,513400,Liangshan Yi Autonomous Prefecture,凉山彝族自治州,Liangshan Yi Autonomous Prefecture,27.8817,102.2676,liangshan-yi-autonomous-prefecture
251,贵州省,Guizhou,贵阳市,贵阳,地级市,520100,Guiyang,贵阳市,Guiyang,26.57305556,106.70611111,guiyang
252,贵州省,Guizhou,六盘水市,六盘水,地级市,520200,Liupanshui,六盘水市,Liupanshui,26.5925,104.8303,liupanshui
253,贵州省,Guizhou,遵义市,遵义,地级市,520300,Zunyi,遵义市,Zunyi,27.7255,106.9274,zunyi
254,贵州省,Guizhou,安顺市,安顺,地级市,520400,Anshun,安顺市,Anshun,26.2531,105.9476,anshun
255,贵州省,Guizhou,毕节市,毕节,地级市,520500,Bijie,毕节市,Bijie,27.2828,105.2917,bijie
256,贵州省,Guizhou,铜仁市,铜仁,地级市,520600,Tongren,铜仁市,Tongren,27.7316,109.1895,tongren
257,贵州省,Guizhou,黔西南布依族苗族自治州,黔西南布依族苗族,自治州,522300,Qianxinan Buyei and Miao Autonomous Prefecture,黔西南布依族苗族自治州,Qianxinan Buyei and Miao Autonomous Prefecture,25.0884,104.9064,qianxinan-buyei-and-miao-autonomous-prefecture
258,贵州省,Guizhou,黔东南苗族侗族自治州,黔东南苗族侗族,自治州,522600,Qiandongnan Miao and Dong Autonomous Prefecture,黔东南苗族侗族自治州,Qiandongnan Miao and Dong Autonomous Prefecture,26.5838,107.9828,qiandongnan-miao-and-dong-autonomous-prefecture
259,贵州省,Guizhou,黔南布依族苗族自治州,黔南布依族苗族,自治州,522700,Qiannan Buyei and Miao Autonomous Prefecture,黔南布依族苗族自治州,Qiannan Buyei and Miao Autonomous Prefecture,26.254,107.522,qiannan-buyei-and-miao-autonomous-prefecture
260,云南省,Yunnan,昆明市,昆明,地级市,530100,Kunming,昆明市,Kunming,,,kunming
261,云南省,Yunnan,曲靖市,曲靖,地级市,530300,Qujing,曲靖市,Qujing,,,qujing
262,云南省,Yunnan,玉溪市,玉溪,地级市,530400,Yuxi,玉溪市,Yuxi,24.3473,102.5272,yuxi
263,云南省,Yunnan,保山市,保山,地级市,530500,Baoshan,保山市,"Baoshan, Yunnan",25.112,99.1617,baoshan
264,云南省,Yunnan,昭通市,昭通,地级市,530600,Zhaotong,昭通市,Zhaotong,27.3384,103.7175,zhaotong
265,云南省,Yunnan,丽江市,丽江,地级市,530700,Lijiang,丽江市,Lijiang,26.8548,100.2274,lijiang
266,云南省,Yunnan,普洱市,普洱,地级市,530800,Pu'er City,普洱市,Pu'er City,22.8251,100.9665,puer-city
267,云南省,Yunnan,临沧市,临沧,地级市,530900,Lincang,临沧市,Lincang,23.8841,100.0889,lincang
268,云南省,Yunnan,楚雄彝族自治州,楚雄彝族,自治州,532300,Chuxiong Yi Autonomous Prefecture,楚雄彝族自治州,Chuxiong Yi Autonomous Prefecture,25.0455,101.5281,chuxiong-yi-autonomous-prefecture
269,云南省,Yunnan,红河哈尼族彝族自治州,红河哈尼族彝族,自治州,532500,Honghe Hani and Yi Autonomous Prefecture,红河哈尼族彝族自治州,Honghe Hani and Yi Autonomous Prefecture,23.3627,103.375,honghe-hani-and-yi-autonomous-prefecture
270,云南省,Yunnan,文山壮族苗族自治州,文山壮族苗族,自治州,532600,Wenshan Zhuang and Miao Autonomous Prefecture,文山壮族苗族自治州,Wenshan Zhuang and Miao Autonomous Prefecture,23.4007,104.2162,wenshan-zhuang-and-miao-autonomous-prefecture
271,云南省,Yunnan,西双版纳傣族自治州,西双版纳傣族,自治州,532800,Xishuangbanna Dai Autonomous Prefecture,西双版纳傣族自治州,Xishuangbanna Dai Autonomous Prefecture,22.0087,100.7969,xishuangbanna-dai-autonomous-prefecture
272,云南省,Yunnan,大理白族自治州,大理白族,自治州,532900,Dali Bai Autonomous Prefecture,大理白族自治州,Dali Bai Autonomous Prefecture,25.6096,100.2664,dali-bai-autonomous-prefecture
273,云南省,Yunnan,德宏傣族景颇族自治州,德宏傣族景颇族,自治州,533100,Dehong Dai and Jingpo Autonomous Prefecture,德宏傣族景颇族自治州,Dehong Dai and Jingpo Autonomous Prefecture,24.4334,98.5848,dehong-dai-and-jingpo-autonomous-prefecture
274,云南省,Yunnan,怒江傈僳族自治州,怒江傈僳族,自治州,533300,Nujiang Lisu Autonomous Prefecture,怒江傈僳族自治州,Nujiang Lisu Autonomous Prefecture,25.8176,98.8565,nujiang-lisu-autonomous-prefecture
275,云南省,Yunnan,迪庆藏族自治州,迪庆藏族,自治州,533400,Diqing Tibetan Autonomous Prefecture,迪庆藏族自治州,Diqing Tibetan Autonomous Prefecture,27.8187,99.7022,diqing-tibetan-autonomous-prefecture
276,西藏自治区,Tibet,拉萨市,拉萨,地级市,540100,Lhasa,拉萨市,Lhasa (prefecture-level city),29.64944444,91.09833333,lhasa
277,西藏自治区,Tibet,日喀则市,日喀则,地级市,540200,Shigatse,日喀则市,Shigatse,,,shigatse
278,西藏自治区,Tibet,昌都市,昌都,地级市,540300,Chamdo,昌都市,Chamdo,,,chamdo
279,西藏自治区,Tibet,林芝市,林芝,地级市,540400,Nyingchi,林芝市,Nyingchi,,,nyingchi
280,西藏自治区,Tibet,山南市,山南,地级市,540500,Shannan,山南市,"Shannan, Tibet",,,shannan
281,西藏自治区,Tibet,那曲市,那曲,地级市,540600,Nagqu,那曲市,Nagqu,31.47815278,92.04845556,nagqu
282,西藏自治区,Tibet,阿里地区,阿里,地区,542500,Ngari Prefecture,阿里地区,Ngari Prefecture,,,ngari-prefecture
283,陕西省,Shaanxi,西安市,西安,地级市,610100,Xi'an,西安市,Xi'an,34.25916667,108.94527778,xian
284,陕西省,Shaanxi,铜川市,铜川,地级市,610200,Tongchuan,铜川市,Tongchuan,34.8979,108.9448,tongchuan
285,陕西省,Shaanxi,宝鸡市,宝鸡,地级市,610300,Baoji,宝鸡市,Baoji,34.3632,107.2378,baoji
286,陕西省,Shaanxi,咸阳市,咸阳,地级市,610400,Xianyang,咸阳市,Xianyang,34.3296,108.7091,xianyang
287,陕西省,Shaanxi,渭南市,渭南,地级市,610500,Weinan,渭南市,Weinan,34.4993,109.5031,weinan
288,陕西省,Shaanxi,延安市,延安,地级市,610600,Yan'an,延安市,Yan'an,36.5855,109.4897,yanan
289,陕西省,Shaanxi,汉中市,汉中,地级市,610700,Hanzhong,汉中市,Hanzhong,33.0675,107.0233,hanzhong
290,陕西省,Shaanxi,榆林市,榆林,地级市,610800,Yulin,榆林市,"Yulin, Shaanxi",38.2854,109.7347,yulin-shaanxi
291,陕西省,Shaanxi,安康市,安康,地级市,610900,Ankang,安康市,Ankang,32.6847,109.029,ankang
292,陕西省,Shaanxi,商洛市,商洛,地级市,611000,Shangluo,商洛市,Shangluo,33.8704,109.9405,shangluo
293,甘肃省,Gansu,兰州市,兰州,地级市,620100,Lanzhou,兰州市,Lanzhou,36.061,103.832,lanzhou
294,甘肃省,Gansu,嘉峪关市,嘉峪关,地级市,620200,Jiayuguan City,嘉峪关市,Jiayuguan City,39.7721,98.2888,jiayuguan-city
295,甘肃省,Gansu,金昌市,金昌,地级市,620300,Jinchang,金昌市,Jinchang,38.52,102.187,jinchang
296,甘肃省,Gansu,白银市,白银,地级市,620400,Baiyin,白银市,Baiyin,36.545,104.138,baiyin
297,甘肃省,Gansu,天水市,天水,地级市,620500,Tianshui,天水市,Tianshui,34.576,105.709,tianshui
298,甘肃省,Gansu,武威市,武威,地级市,620600,Wuwei,武威市,"Wuwei, Gansu",37.928,102.641,wuwei
299,甘肃省,Gansu,张掖市,张掖,地级市,620700,Zhangye,张掖市,Zhangye,38.931,100.453,zhangye
300,甘肃省,Gansu,平凉市,平凉,地级市,620800,Pingliang,平凉市,Pingliang,35.544,106.665,pingliang
301,甘肃省,Gansu,酒泉市,酒泉,地级市,620900,Jiuquan,酒泉市,Jiuquan,39.734,98.494,jiuquan
302,甘肃省,Gansu,庆阳市,庆阳,地级市,621000,Qingyang,庆阳市,"Qingyang, Gansu",35.739,107.632,qingyang
303,甘肃省,Gansu,定西市,定西,地级市,621100,Dingxi,定西市,Dingxi,35.583,104.626,dingxi
304,甘肃省,Gansu,陇南市,陇南,地级市,621200,Longnan,陇南市,Longnan,33.401,104.922,longnan
305,甘肃省,Gansu,临夏回族自治州,临夏回族,自治州,622900,Linxia Hui Autonomous Prefecture,临夏回族自治州,Linxia Hui Autonomous Prefecture,35.601,103.211,linxia-hui-autonomous-prefecture
306,甘肃省,Gansu,甘南藏族自治州,甘南藏族,自治州,623000,Gannan Tibetan Autonomous Prefecture,甘南藏族自治州,Gannan Tibetan Autonomous Prefecture,34.983,102.911,gannan-tibetan-autonomous-prefecture
307,青海省,Qinghai,西宁市,西宁,地级市,630100,Xining,西宁市,Xining,36.6169,101.7781,xining
308,青海省,Qinghai,海东市,海东,地级市,630200,Haidong,海东市,Haidong,36.502,102.1045,haidong
309,青海省,Qinghai,海北藏族自治州,海北藏族,自治州,632200,Haibei Tibetan Autonomous Prefecture,海北藏族自治州,Haibei Tibetan Autonomous Prefecture,36.9545,100.9006,haibei-tibetan-autonomous-prefecture
310,青海省,Qinghai,黄南藏族自治州,黄南藏族,自治州,632300,Huangnan Tibetan Autonomous Prefecture,黄南藏族自治州,Huangnan Tibetan Autonomous Prefecture,35.5196,102.015,huangnan-tibetan-autonomous-prefecture
311,青海省,Qinghai,海南藏族自治州,海南藏族,自治州,632500,Hainan Tibetan Autonomous Prefecture,海南藏族自治州,Hainan Tibetan Autonomous Prefecture,36.2967,100.6227,hainan-tibetan-autonomous-prefecture
312,青海省,Qinghai,果洛藏族自治州,果洛藏族,自治州,632600,Golog Tibetan Autonomous Prefecture,果洛藏族自治州,Golog Tibetan Autonomous Prefecture,34.4715,100.2447,golog-tibetan-autonomous-prefecture
313,青海省,Qinghai,玉树藏族自治州,玉树藏族,自治州,632700,Yushu Tibetan Autonomous Prefecture,玉树藏族自治州,Yushu Tibetan Autonomous Prefecture,33.012,97.092,yushu-tibetan-autonomous-prefecture
314,青海省,Qinghai,海西蒙古族藏族自治州,海西蒙古族藏族,自治州,632800,Haixi Mongol and Tibetan Autonomous Prefecture,海西蒙古族藏族自治州,Haixi Mongol and Tibetan Autonomous Prefecture,37.377,97.369,haixi-mongol-and-tibetan-autonomous-prefecture
315,宁夏回族自治区,Ningxia,银川市,银川,地级市,640100,Yinchuan,银川市,Yinchuan,38.4874,106.2308,yinchuan
316,宁夏回族自治区,Ningxia,石嘴山市,石嘴山,地级市,640200,Shizuishan,石嘴山市,Shizuishan,38.9833,106.3828,shizuishan
317,宁夏回族自治区,Ningxia,吴忠市,吴忠,地级市,640300,Wuzhong,吴忠市,"Wuzhong, Ningxia",37.9975,106.1984,wuzhong
318,宁夏回族自治区,Ningxia,固原市,固原,地级市,640400,Guyuan,固原市,Guyuan,36.0159,106.2426,guyuan
319,宁夏回族自治区,Ningxia,中卫市,中卫,地级市,640500,Zhongwei,中卫市,Zhongwei,37.5,105.1967,zhongwei
320,新疆维吾尔自治区,Xinjiang,乌鲁木齐市,乌鲁木齐,地级市,650100,Ürümqi,乌鲁木齐市,Ürümqi,43.71666667,87.63333333,urumqi
321,新疆维吾尔自治区,Xinjiang,克拉玛依市,克拉玛依,地级市,650200,Karamay,克拉玛依市,Karamay,45.57913,84.88666,karamay
322,新疆维吾尔自治区,Xinjiang,吐鲁番市,吐鲁番,地级市,650400,Turpan,吐鲁番市,Turpan,42.96361111,89.18527778,turpan
323,新疆维吾尔自治区,Xinjiang,哈密市,哈密,地级市,650500,Hami,哈密市,Hami,,,hami
324,新疆维吾尔自治区,Xinjiang,昌吉回族自治州,昌吉回族,自治州,652300,Changji Hui Autonomous Prefecture,昌吉回族自治州,Changji Hui Autonomous Prefecture,,,changji-hui-autonomous-prefecture
325,新疆维吾尔自治区,Xinjiang,博尔塔拉蒙古自治州,博尔塔拉蒙古,自治州,652700,Bortala Mongol Autonomous Prefecture,博尔塔拉蒙古自治州,Bortala Mongol Autonomous Prefecture,,,bortala-mongol-autonomous-prefecture
326,新疆维吾尔自治区,Xinjiang,巴音郭楞蒙古自治州,巴音郭楞蒙古,自治州,652800,Bayingolin Mongol Autonomous Prefecture,巴音郭楞蒙古自治州,Bayingolin Mongol Autonomous Prefecture,,,bayingolin-mongol-autonomous-prefecture
327,新疆维吾尔自治区,Xinjiang,阿克苏地区,阿克苏,地区,652900,Aksu Prefecture,阿克苏地区,Aksu Prefecture,41.16666667,80.25,aksu-prefecture
328,新疆维吾尔自治区,Xinjiang,克孜勒苏柯尔克孜自治州,克孜勒苏柯尔克孜,自治州,653000,Kizilsu Kyrgyz Autonomous Prefecture,克孜勒苏柯尔克孜自治州,Kizilsu Kyrgyz Autonomous Prefecture,39.7146,76.1678,kizilsu-kyrgyz-autonomous-prefecture
329,新疆维吾尔自治区,Xinjiang,喀什地区,喀什,地区,653100,Kashgar Prefecture,喀什地区,Kashgar Prefecture,,,kashgar-prefecture
330,新疆维吾尔自治区,Xinjiang,和田地区,和田,地区,653200,Hotan Prefecture,和田地区,Hotan Prefecture,,,hotan-prefecture
331,新疆维吾尔自治区,Xinjiang,伊犁哈萨克自治州,伊犁哈萨克,自治州,654000,Ili Kazakh Autonomous Prefecture,伊犁哈萨克自治州,Ili Kazakh Autonomous Prefecture,,,ili-kazakh-autonomous-prefecture
332,新疆维吾尔自治区,Xinjiang,塔城地区,塔城,地区,654200,Tacheng Prefecture,塔城地区,Tacheng Prefecture,,,tacheng-prefecture
333,新疆维吾尔自治区,Xinjiang,阿勒泰地区,阿勒泰,地区,654300,Altay Prefecture,阿勒泰地区,Altay Prefecture,,,altay-prefecture
