catalog_id,division_code,province_zh,city_zh,lat,lon,coordinate_source,geocoder_display_name
prefecture-shijiazhuang,130100,河北省,石家庄市,38.044,114.5139,catalog,
prefecture-tangshan,130200,河北省,唐山市,39.631,118.179,catalog,
prefecture-qinhuangdao,130300,河北省,秦皇岛市,39.936,119.6,catalog,
prefecture-handan,130400,河北省,邯郸市,36.6258,114.5388,catalog,
prefecture-xingtai,130500,河北省,邢台市,37.07,114.505,catalog,
prefecture-baoding,130600,河北省,保定市,38.8745,115.4645,catalog,
prefecture-zhangjiakou,130700,河北省,张家口市,40.7675,114.8858,catalog,
prefecture-chengde,130800,河北省,承德市,40.953,117.963,catalog,
prefecture-cangzhou,130900,河北省,沧州市,38.3045,116.8386,catalog,
prefecture-langfang,131000,河北省,廊坊市,39.538,116.684,catalog,
prefecture-hengshui,131100,河北省,衡水市,37.739,115.67,catalog,
prefecture-taiyuan,140100,山西省,太原市,37.86666667,112.55,catalog,
prefecture-datong,140200,山西省,大同市,40.0763,113.2999,catalog,
prefecture-yangquan,140300,山西省,阳泉市,37.8573,113.5804,catalog,
prefecture-changzhi,140400,山西省,长治市,36.1953,113.1163,catalog,
prefecture-jincheng,140500,山西省,晋城市,35.4895,112.8516,catalog,
prefecture-shuozhou,140600,山西省,朔州市,39.3308,112.432,catalog,
prefecture-jinzhong,140700,山西省,晋中市,37.6874,112.7516,catalog,
prefecture-yuncheng,140800,山西省,运城市,35.0264,111.0076,catalog,
prefecture-xinzhou,140900,山西省,忻州市,38.4163,112.7341,catalog,
prefecture-linfen,141000,山西省,临汾市,36.088,111.519,catalog,
prefecture-luliang,141100,山西省,吕梁市,37.5184,111.144,catalog,
prefecture-hohhot,150100,内蒙古自治区,呼和浩特市,40.8421,111.7503,catalog,
prefecture-baotou,150200,内蒙古自治区,包头市,40.658,109.8402,catalog,
prefecture-wuhai,150300,内蒙古自治区,乌海市,39.655,106.7942,catalog,
prefecture-chifeng,150400,内蒙古自治区,赤峰市,42.2579,118.887,catalog,
prefecture-tongliao,150500,内蒙古自治区,通辽市,43.6527,122.2436,catalog,
prefecture-ordos-city,150600,内蒙古自治区,鄂尔多斯市,39.6082,109.7814,catalog,
prefecture-hulunbuir,150700,内蒙古自治区,呼伦贝尔市,49.2118,119.7657,catalog,
prefecture-bayannur,150800,内蒙古自治区,巴彦淖尔市,40.7433,107.3876,catalog,
prefecture-ulanqab,150900,内蒙古自治区,乌兰察布市,40.995,113.132,catalog,
prefecture-hinggan-league,152200,内蒙古自治区,兴安盟,46.0824,122.0375,catalog,
prefecture-xilingol-league,152500,内蒙古自治区,锡林郭勒盟,43.9335,116.0477,catalog,
prefecture-alxa-league,152900,内蒙古自治区,阿拉善盟,38.852,105.728,catalog,
prefecture-shenyang,210100,辽宁省,沈阳市,41.79555556,123.44805556,catalog,
prefecture-dalian,210200,辽宁省,大连市,38.92083333,121.63916667,catalog,
prefecture-anshan,210300,辽宁省,鞍山市,41.1083,122.9933,catalog,
prefecture-fushun,210400,辽宁省,抚顺市,41.8806,123.957,catalog,
prefecture-benxi,210500,辽宁省,本溪市,41.2942,123.7655,catalog,
prefecture-dandong,210600,辽宁省,丹东市,40.0005,124.3539,catalog,
prefecture-jinzhou,210700,辽宁省,锦州市,41.0957,121.1264,catalog,
prefecture-yingkou,210800,辽宁省,营口市,40.6679,122.2344,catalog,
prefecture-fuxin,210900,辽宁省,阜新市,42.0216,121.6696,catalog,
prefecture-liaoyang,211000,辽宁省,辽阳市,41.2673,123.237,catalog,
prefecture-panjin,211100,辽宁省,盘锦市,41.12,122.0709,catalog,
prefecture-tieling,211200,辽宁省,铁岭市,42.2238,123.7259,catalog,
prefecture-chaoyang,211300,辽宁省,朝阳市,41.5736,120.4494,catalog,
prefecture-huludao,211400,辽宁省,葫芦岛市,40.711,120.837,catalog,
prefecture-changchun,220100,吉林省,长春市,43.88458056,125.31843056,catalog,
prefecture-jilin-city,220200,吉林省,吉林市,43.836,126.55,catalog,
prefecture-siping,220300,吉林省,四平市,43.166,124.35,catalog,
prefecture-liaoyuan,220400,吉林省,辽源市,42.888,125.144,catalog,
prefecture-tonghua,220500,吉林省,通化市,41.728,125.94,catalog,
prefecture-city-jilin,220600,吉林省,白山市,41.9368950,126.4183792,OpenStreetMap Nominatim,"白山市, 浑江区, 吉林省, 中国"
prefecture-city-jilin-2,220700,吉林省,松原市,45.1386775,124.8170805,OpenStreetMap Nominatim,"松原市, 吉林省, 中国"
prefecture-baicheng,220800,吉林省,白城市,45.62,122.839,catalog,
prefecture-yanbian-korean-autonomous-prefecture,222400,吉林省,延边朝鲜族自治州,42.891,129.509,catalog,
prefecture-harbin,230100,黑龙江省,哈尔滨市,45.80138889,126.52916667,catalog,
prefecture-qiqihar,230200,黑龙江省,齐齐哈尔市,47.3536,123.9185,catalog,
prefecture-jixi,230300,黑龙江省,鸡西市,45.2956,130.969,catalog,
prefecture-hegang,230400,黑龙江省,鹤岗市,47.35,130.298,catalog,
prefecture-shuangyashan,230500,黑龙江省,双鸭山市,46.646,131.1586,catalog,
prefecture-daqing,230600,黑龙江省,大庆市,46.589,125.104,catalog,
prefecture-yichun-heilongjiang,230700,黑龙江省,伊春市,47.7276,128.8406,catalog,
prefecture-jiamusi,230800,黑龙江省,佳木斯市,46.8,130.318,catalog,
prefecture-qitaihe,230900,黑龙江省,七台河市,45.772,131.0017,catalog,
prefecture-mudanjiang,231000,黑龙江省,牡丹江市,44.552,129.633,catalog,
prefecture-heihe,231100,黑龙江省,黑河市,50.245,127.528,catalog,
prefecture-suihua,231200,黑龙江省,绥化市,46.654,126.969,catalog,
prefecture-daxinganling-prefecture,232700,黑龙江省,大兴安岭地区,52.3413513,124.5619384,OpenStreetMap Nominatim,"大兴安岭地区, 黑龙江省, 中国"
prefecture-nanjing,320100,江苏省,南京市,32.04388889,118.77861111,catalog,
prefecture-wuxi,320200,江苏省,无锡市,31.49,120.313,catalog,
prefecture-xuzhou,320300,江苏省,徐州市,34.205,117.283,catalog,
prefecture-changzhou,320400,江苏省,常州市,31.81,119.976,catalog,
prefecture-suzhou-jiangsu,320500,江苏省,苏州市,31.3,120.61666667,catalog,
prefecture-nantong,320600,江苏省,南通市,31.98,120.895,catalog,
prefecture-lianyungang,320700,江苏省,连云港市,34.597,119.222,catalog,
prefecture-huaian,320800,江苏省,淮安市,33.55,119.114,catalog,
prefecture-yancheng,320900,江苏省,盐城市,33.347,120.164,catalog,
prefecture-yangzhou,321000,江苏省,扬州市,32.393,119.415,catalog,
prefecture-zhenjiang,321100,江苏省,镇江市,32.188,119.428,catalog,
prefecture-taizhou-jiangsu,321200,江苏省,泰州市,32.455,119.923,catalog,
prefecture-suqian,321300,江苏省,宿迁市,33.9624,118.2757,catalog,
prefecture-hangzhou,330100,浙江省,杭州市,30.24916667,120.20527778,catalog,
prefecture-ningbo,330200,浙江省,宁波市,29.86361111,121.62083333,catalog,
prefecture-wenzhou,330300,浙江省,温州市,27.993,120.699,catalog,
prefecture-jiaxing,330400,浙江省,嘉兴市,30.754,120.759,catalog,
prefecture-huzhou,330500,浙江省,湖州市,30.894,120.087,catalog,
prefecture-shaoxing,330600,浙江省,绍兴市,29.995,120.586,catalog,
prefecture-jinhua,330700,浙江省,金华市,29.0788,119.6475,catalog,
prefecture-quzhou,330800,浙江省,衢州市,28.97,118.86,catalog,
prefecture-zhoushan,330900,浙江省,舟山市,29.9852,122.2077,catalog,
prefecture-taizhou-zhejiang,331000,浙江省,台州市,28.6556,121.4216,catalog,
prefecture-lishui,331100,浙江省,丽水市,28.467,119.923,catalog,
prefecture-hefei,340100,安徽省,合肥市,31.8665676,117.2814280,OpenStreetMap Nominatim,"合肥市, 安徽省, 中国"
prefecture-wuhu,340200,安徽省,芜湖市,31.353,118.433,catalog,
prefecture-bengbu,340300,安徽省,蚌埠市,32.9176422,117.3825673,OpenStreetMap Nominatim,"蚌埠市, 安徽省, 中国"
prefecture-huainan,340400,安徽省,淮南市,32.625,117.0,catalog,
prefecture-maanshan,340500,安徽省,马鞍山市,31.67,118.506,catalog,
prefecture-huaibei,340600,安徽省,淮北市,33.9565,116.7977,catalog,
prefecture-tongling,340700,安徽省,铜陵市,30.9455,117.8115,catalog,
prefecture-anqing,340800,安徽省,安庆市,30.532,117.115,catalog,
prefecture-huangshan-city,341000,安徽省,黄山市,29.7148,118.3375,catalog,
prefecture-chuzhou,341100,安徽省,滁州市,32.2535,118.3283,catalog,
prefecture-fuyang,341200,安徽省,阜阳市,32.889,115.814,catalog,
prefecture-suzhou-anhui,341300,安徽省,宿州市,33.6464,116.9639,catalog,
prefecture-luan,341500,安徽省,六安市,31.7344,116.5214,catalog,
prefecture-bozhou,341600,安徽省,亳州市,33.845,115.778,catalog,
prefecture-chizhou,341700,安徽省,池州市,30.676533,117.494118,catalog,
prefecture-xuancheng,341800,安徽省,宣城市,30.94,118.758,catalog,
prefecture-fuzhou-fujian,350100,福建省,福州市,26.15,119.28333333,catalog,
prefecture-xiamen,350200,福建省,厦门市,24.4801069,118.0853479,OpenStreetMap Nominatim,"厦门市, 福建省, 中国"
prefecture-putian,350300,福建省,莆田市,25.453,119.008,catalog,
prefecture-sanming,350400,福建省,三明市,26.263,117.639,catalog,
prefecture-quanzhou,350500,福建省,泉州市,24.8741,118.6757,catalog,
prefecture-zhangzhou,350600,福建省,漳州市,24.513,117.6464,catalog,
prefecture-nanping,350700,福建省,南平市,26.6415,118.1779,catalog,
prefecture-longyan,350800,福建省,龙岩市,25.0757,117.0174,catalog,
prefecture-ningde,350900,福建省,宁德市,26.6657,119.5481,catalog,
prefecture-nanchang,360100,江西省,南昌市,28.6472124,116.0348483,OpenStreetMap Nominatim,"南昌市, 江西省, 中国"
prefecture-jingdezhen,360200,江西省,景德镇市,29.269,117.178,catalog,
prefecture-pingxiang,360300,江西省,萍乡市,27.623,113.8545,catalog,
prefecture-jiujiang,360400,江西省,九江市,29.7054,116.0026,catalog,
prefecture-xinyu,360500,江西省,新余市,27.8176,114.917,catalog,
prefecture-yingtan,360600,江西省,鹰潭市,28.2597,117.0686,catalog,
prefecture-ganzhou,360700,江西省,赣州市,25.8306,114.9328,catalog,
prefecture-jian,360800,江西省,吉安市,27.0875,114.9645,catalog,
prefecture-yichun-jiangxi,360900,江西省,宜春市,27.8158,114.4166,catalog,
prefecture-fuzhou-jiangxi,361000,江西省,抚州市,27.9494,116.3582,catalog,
prefecture-shangrao,361100,江西省,上饶市,28.455,117.943,catalog,
prefecture-jinan,370100,山东省,济南市,36.63333333,117.01666667,catalog,
prefecture-qingdao,370200,山东省,青岛市,36.08333333,120.33333333,catalog,
prefecture-zibo,370300,山东省,淄博市,36.8133,118.0551,catalog,
prefecture-zaozhuang,370400,山东省,枣庄市,34.8103,117.3235,catalog,
prefecture-dongying,370500,山东省,东营市,37.4334,118.6744,catalog,
prefecture-yantai,370600,山东省,烟台市,37.4644,121.4478,catalog,
prefecture-weifang,370700,山东省,潍坊市,36.7065,119.1622,catalog,
prefecture-jining,370800,山东省,济宁市,35.415,116.587,catalog,
prefecture-taian,370900,山东省,泰安市,36.2,117.088,catalog,
prefecture-weihai,371000,山东省,威海市,37.5125,122.1152,catalog,
prefecture-rizhao,371100,山东省,日照市,35.4154,119.5267,catalog,
prefecture-linyi,371300,山东省,临沂市,35.104,118.3556,catalog,
prefecture-dezhou,371400,山东省,德州市,37.4338,116.3572,catalog,
prefecture-liaocheng,371500,山东省,聊城市,36.4571,115.9863,catalog,
prefecture-binzhou,371600,山东省,滨州市,37.381,117.971,catalog,
prefecture-heze,371700,山东省,菏泽市,35.2328,115.4822,catalog,
prefecture-zhengzhou,410100,河南省,郑州市,34.75,113.63333333,catalog,
prefecture-kaifeng,410200,河南省,开封市,34.7975,114.3079,catalog,
prefecture-luoyang,410300,河南省,洛阳市,34.6195,112.4543,catalog,
prefecture-pingdingshan,410400,河南省,平顶山市,33.7664,113.1916,catalog,
prefecture-anyang,410500,河南省,安阳市,36.0973,114.3922,catalog,
prefecture-hebi,410600,河南省,鹤壁市,35.7481,114.2964,catalog,
prefecture-xinxiang,410700,河南省,新乡市,35.303,113.926,catalog,
prefecture-jiaozuo,410800,河南省,焦作市,35.2158,113.2421,catalog,
prefecture-puyang,410900,河南省,濮阳市,35.762,115.028,catalog,
prefecture-xuchang,411000,河南省,许昌市,34.036,113.852,catalog,
prefecture-luohe,411100,河南省,漯河市,33.58,114.016,catalog,
prefecture-sanmenxia,411200,河南省,三门峡市,34.773,111.2,catalog,
prefecture-nanyang,411300,河南省,南阳市,32.9897,112.5282,catalog,
prefecture-shangqiu,411400,河南省,商丘市,34.4146,115.6558,catalog,
prefecture-xinyang,411500,河南省,信阳市,32.1472,114.0903,catalog,
prefecture-zhoukou,411600,河南省,周口市,33.6263,114.6968,catalog,
prefecture-zhumadian,411700,河南省,驻马店市,33.0108,114.0216,catalog,
prefecture-wuhan,420100,湖北省,武汉市,30.58333333,114.31666667,catalog,
prefecture-huangshi,420200,湖北省,黄石市,30.2,115.039,catalog,
prefecture-shiyan,420300,湖北省,十堰市,32.6295,110.7983,catalog,
prefecture-yichang,420500,湖北省,宜昌市,30.70444444,111.28861111,catalog,
prefecture-xiangyang,420600,湖北省,襄阳市,32.009,112.123,catalog,
prefecture-ezhou,420700,湖北省,鄂州市,30.3925379,114.8898988,OpenStreetMap Nominatim,"鄂州市, 湖北省, 中国"
prefecture-jingmen,420800,湖北省,荆门市,31.0354,112.1995,catalog,
prefecture-xiaogan,420900,湖北省,孝感市,30.9176,113.9571,catalog,
prefecture-jingzhou,421000,湖北省,荆州市,30.335,112.24,catalog,
prefecture-huanggang,421100,湖北省,黄冈市,30.4537,114.8722,catalog,
prefecture-xianning,421200,湖北省,咸宁市,29.8437545,114.3169418,OpenStreetMap Nominatim,"咸宁市, 湖北省, 437300, 中国"
prefecture-suizhou,421300,湖北省,随州市,31.6901,113.3825,catalog,
prefecture-enshi-tujia-and-miao-autonomous-prefecture,422800,湖北省,恩施土家族苗族自治州,30.272,109.488,catalog,
prefecture-changsha,430100,湖南省,长沙市,28.1450774,113.2384362,OpenStreetMap Nominatim,"长沙市, 湖南省, 中国"
prefecture-zhuzhou,430200,湖南省,株洲市,27.828,113.134,catalog,
prefecture-xiangtan,430300,湖南省,湘潭市,27.83,112.944,catalog,
prefecture-hengyang,430400,湖南省,衡阳市,26.893,112.572,catalog,
prefecture-shaoyang,430500,湖南省,邵阳市,27.239,111.4675,catalog,
prefecture-yueyang,430600,湖南省,岳阳市,29.3567,113.1289,catalog,
prefecture-changde,430700,湖南省,常德市,29.0317,111.6987,catalog,
prefecture-zhangjiajie,430800,湖南省,张家界市,29.117,110.479,catalog,
prefecture-yiyang,430900,湖南省,益阳市,28.554,112.355,catalog,
prefecture-chenzhou,431000,湖南省,郴州市,25.77,113.0161,catalog,
prefecture-yongzhou,431100,湖南省,永州市,26.42,111.613,catalog,
prefecture-huaihua,431200,湖南省,怀化市,27.5695,110.0017,catalog,
prefecture-loudi,431300,湖南省,娄底市,27.7,111.993,catalog,
prefecture-xiangxi-tujia-and-miao-autonomous-prefecture,433100,湖南省,湘西土家族苗族自治州,28.312,109.739,catalog,
prefecture-guangzhou,440100,广东省,广州市,23.11666667,113.25,catalog,
prefecture-shaoguan,440200,广东省,韶关市,24.8108,113.5966,catalog,
prefecture-shenzhen,440300,广东省,深圳市,22.62,114.07,catalog,
prefecture-zhuhai,440400,广东省,珠海市,22.2711,113.577,catalog,
prefecture-shantou,440500,广东省,汕头市,23.354,116.6821,catalog,
prefecture-foshan,440600,广东省,佛山市,23.022,113.1207,catalog,
prefecture-jiangmen,440700,广东省,江门市,22.59777778,113.09083333,catalog,
prefecture-zhanjiang,440800,广东省,湛江市,21.2719,110.3604,catalog,
prefecture-maoming,440900,广东省,茂名市,21.6627,110.9259,catalog,
prefecture-zhaoqing,441200,广东省,肇庆市,23.047,112.465,catalog,
prefecture-huizhou,441300,广东省,惠州市,23.112,114.415,catalog,
prefecture-meizhou,441400,广东省,梅州市,24.289,116.122,catalog,
prefecture-shanwei,441500,广东省,汕尾市,22.786,115.375,catalog,
prefecture-heyuan,441600,广东省,河源市,23.7437,114.7007,catalog,
prefecture-yangjiang,441700,广东省,阳江市,21.8584,111.9816,catalog,
prefecture-qingyuan,441800,广东省,清远市,23.682,113.056,catalog,
prefecture-dongguan,441900,广东省,东莞市,23.021,113.7517,catalog,
prefecture-zhongshan,442000,广东省,中山市,22.51666667,113.38333333,catalog,
prefecture-chaozhou,445100,广东省,潮州市,23.66666667,116.63333333,catalog,
prefecture-jieyang,445200,广东省,揭阳市,23.5487,116.3723,catalog,
prefecture-yunfu,445300,广东省,云浮市,22.9155,112.0447,catalog,
prefecture-nanning,450100,广西壮族自治区,南宁市,22.8161,108.3664,catalog,
prefecture-liuzhou,450200,广西壮族自治区,柳州市,24.3262,109.4284,catalog,
prefecture-guilin,450300,广西壮族自治区,桂林市,25.2344,110.1799,catalog,
prefecture-wuzhou,450400,广西壮族自治区,梧州市,23.4771,111.2788,catalog,
prefecture-beihai,450500,广西壮族自治区,北海市,21.4811,109.1205,catalog,
prefecture-fangchenggang,450600,广西壮族自治区,防城港市,21.6868,108.3538,catalog,
prefecture-qinzhou,450700,广西壮族自治区,钦州市,21.98,108.654,catalog,
prefecture-guigang,450800,广西壮族自治区,贵港市,23.1115,109.5987,catalog,
prefecture-yulin-guangxi,450900,广西壮族自治区,玉林市,22.654,110.1811,catalog,
prefecture-baise,451000,广西壮族自治区,百色市,23.9025,106.6182,catalog,
prefecture-hezhou,451100,广西壮族自治区,贺州市,24.3705146,111.3590955,OpenStreetMap Nominatim,"贺州市, 广西壮族自治区, 542600, 中国"
prefecture-hechi,451200,广西壮族自治区,河池市,24.6929,108.0852,catalog,
prefecture-laibin,451300,广西壮族自治区,来宾市,23.7503,109.2213,catalog,
prefecture-chongzuo,451400,广西壮族自治区,崇左市,22.3772,107.3651,catalog,
prefecture-haikou,460100,海南省,海口市,20.05,110.16666667,catalog,
prefecture-sanya,460200,海南省,三亚市,18.2527,109.5111,catalog,
prefecture-sansha,460300,海南省,三沙市,16.83416667,112.3375,catalog,
prefecture-danzhou,460400,海南省,儋州市,19.521,109.581,catalog,
prefecture-chengdu,510100,四川省,成都市,30.65833333,104.06444444,catalog,
prefecture-zigong,510300,四川省,自贡市,29.3386,104.7778,catalog,
prefecture-panzhihua,510400,四川省,攀枝花市,26.5817,101.7183,catalog,
prefecture-luzhou,510500,四川省,泸州市,28.8712,105.4409,catalog,
prefecture-deyang,510600,四川省,德阳市,31.1271,104.3976,catalog,
prefecture-mianyang,510700,四川省,绵阳市,31.467,104.6779,catalog,
prefecture-guangyuan,510800,四川省,广元市,32.4354,105.843,catalog,
prefecture-suining,510900,四川省,遂宁市,30.5333,105.5923,catalog,
prefecture-neijiang,511000,四川省,内江市,29.5801,105.0581,catalog,
prefecture-leshan,511100,四川省,乐山市,29.55194444,103.76555556,catalog,
prefecture-nanchong,511300,四川省,南充市,30.8377,106.1087,catalog,
prefecture-meishan,511400,四川省,眉山市,30.0768,103.8479,catalog,
prefecture-yibin,511500,四川省,宜宾市,28.7522,104.6423,catalog,
prefecture-guangan,511600,四川省,广安市,30.4553,106.633,catalog,
prefecture-dazhou,511700,四川省,达州市,31.2088,107.4676,catalog,
prefecture-yaan,511800,四川省,雅安市,29.9805,103.0128,catalog,
prefecture-bazhong,511900,四川省,巴中市,31.868,106.7473,catalog,
prefecture-ziyang,512000,四川省,资阳市,30.1289,104.6278,catalog,
prefecture-ngawa-tibetan-and-qiang-autonomous-prefecture,513200,四川省,阿坝藏族羌族自治州,31.8994,102.2247,catalog,
prefecture-garze-tibetan-autonomous-prefecture,513300,四川省,甘孜藏族自治州,30.0495,101.9624,catalog,
prefecture-liangshan-yi-autonomous-prefecture,513400,四川省,凉山彝族自治州,27.8817,102.2676,catalog,
prefecture-guiyang,520100,贵州省,贵阳市,26.57305556,106.70611111,catalog,
prefecture-liupanshui,520200,贵州省,六盘水市,26.5925,104.8303,catalog,
prefecture-zunyi,520300,贵州省,遵义市,27.7255,106.9274,catalog,
prefecture-anshun,520400,贵州省,安顺市,26.2531,105.9476,catalog,
prefecture-bijie,520500,贵州省,毕节市,27.2828,105.2917,catalog,
prefecture-tongren,520600,贵州省,铜仁市,27.7316,109.1895,catalog,
prefecture-qianxinan-buyei-and-miao-autonomous-prefecture,522300,贵州省,黔西南布依族苗族自治州,25.0884,104.9064,catalog,
prefecture-qiandongnan-miao-and-dong-autonomous-prefecture,522600,贵州省,黔东南苗族侗族自治州,26.5838,107.9828,catalog,
prefecture-qiannan-buyei-and-miao-autonomous-prefecture,522700,贵州省,黔南布依族苗族自治州,26.254,107.522,catalog,
prefecture-kunming,530100,云南省,昆明市,25.0399353,102.7169061,OpenStreetMap Nominatim,"昆明市, 云南省, 中国"
prefecture-qujing,530300,云南省,曲靖市,25.7199310,103.9861310,OpenStreetMap Nominatim,"曲靖市, 云南省, 655400, 中国"
prefecture-yuxi,530400,云南省,玉溪市,24.3473,102.5272,catalog,
prefecture-baoshan,530500,云南省,保山市,25.112,99.1617,catalog,
prefecture-zhaotong,530600,云南省,昭通市,27.3384,103.7175,catalog,
prefecture-lijiang,530700,云南省,丽江市,26.8548,100.2274,catalog,
prefecture-puer-city,530800,云南省,普洱市,22.8251,100.9665,catalog,
prefecture-lincang,530900,云南省,临沧市,23.8841,100.0889,catalog,
prefecture-chuxiong-yi-autonomous-prefecture,532300,云南省,楚雄彝族自治州,25.0455,101.5281,catalog,
prefecture-honghe-hani-and-yi-autonomous-prefecture,532500,云南省,红河哈尼族彝族自治州,23.3627,103.375,catalog,
prefecture-wenshan-zhuang-and-miao-autonomous-prefecture,532600,云南省,文山壮族苗族自治州,23.4007,104.2162,catalog,
prefecture-xishuangbanna-dai-autonomous-prefecture,532800,云南省,西双版纳傣族自治州,22.0087,100.7969,catalog,
prefecture-dali-bai-autonomous-prefecture,532900,云南省,大理白族自治州,25.6096,100.2664,catalog,
prefecture-dehong-dai-and-jingpo-autonomous-prefecture,533100,云南省,德宏傣族景颇族自治州,24.4334,98.5848,catalog,
prefecture-nujiang-lisu-autonomous-prefecture,533300,云南省,怒江傈僳族自治州,25.8176,98.8565,catalog,
prefecture-diqing-tibetan-autonomous-prefecture,533400,云南省,迪庆藏族自治州,27.8187,99.7022,catalog,
prefecture-lhasa,540100,西藏自治区,拉萨市,29.64944444,91.09833333,catalog,
prefecture-shigatse,540200,西藏自治区,日喀则市,29.1058406,86.8753983,OpenStreetMap Nominatim,"日喀则市 གཞིས་ཀ་རྩེ་གྲོང་ཁྱེར།, 西藏自治区 བོད་རང་སྐྱོང་ལྗོངས།, 中国"
prefecture-chamdo,540300,西藏自治区,昌都市,31.1434873,97.1712342,OpenStreetMap Nominatim,"昌都市 ཆབ་མདོ་ས་ཁུལ།, 西藏自治区 བོད་རང་སྐྱོང་ལྗོངས།, 854200, 中国"
prefecture-nyingchi,540400,西藏自治区,林芝市,29.5487912,94.6384738,OpenStreetMap Nominatim,"林芝市 ཉིང་ཁྲི་གྲོང་ཁྱེར།, 西藏自治区 བོད་རང་སྐྱོང་ལྗོངས།, 860000, 中国"
prefecture-shannan,540500,西藏自治区,山南市,28.7628486,91.7523138,OpenStreetMap Nominatim,"山南市 ལྷོ་ཁ་ས་ཁུལ།, 西藏自治区 བོད་རང་སྐྱོང་ལྗོངས།, 856700, 中国"
prefecture-nagqu,540600,西藏自治区,那曲市,31.47815278,92.04845556,catalog,
prefecture-ngari-prefecture,542500,西藏自治区,阿里地区,33.1046322,82.5656969,OpenStreetMap Nominatim,"阿里地区 མངའ་རིས་ས་ཁུལ་, 西藏自治区 བོད་རང་སྐྱོང་ལྗོངས།, 中国"
prefecture-xian,610100,陕西省,西安市,34.25916667,108.94527778,catalog,
prefecture-tongchuan,610200,陕西省,铜川市,34.8979,108.9448,catalog,
prefecture-baoji,610300,陕西省,宝鸡市,34.3632,107.2378,catalog,
prefecture-xianyang,610400,陕西省,咸阳市,34.3296,108.7091,catalog,
prefecture-weinan,610500,陕西省,渭南市,34.4993,109.5031,catalog,
prefecture-yanan,610600,陕西省,延安市,36.5855,109.4897,catalog,
prefecture-hanzhong,610700,陕西省,汉中市,33.0675,107.0233,catalog,
prefecture-yulin-shaanxi,610800,陕西省,榆林市,38.2854,109.7347,catalog,
prefecture-ankang,610900,陕西省,安康市,32.6847,109.029,catalog,
prefecture-shangluo,611000,陕西省,商洛市,33.8704,109.9405,catalog,
prefecture-lanzhou,620100,甘肃省,兰州市,36.061,103.832,catalog,
prefecture-jiayuguan-city,620200,甘肃省,嘉峪关市,39.7721,98.2888,catalog,
prefecture-jinchang,620300,甘肃省,金昌市,38.52,102.187,catalog,
prefecture-baiyin,620400,甘肃省,白银市,36.545,104.138,catalog,
prefecture-tianshui,620500,甘肃省,天水市,34.576,105.709,catalog,
prefecture-wuwei,620600,甘肃省,武威市,37.928,102.641,catalog,
prefecture-zhangye,620700,甘肃省,张掖市,38.931,100.453,catalog,
prefecture-pingliang,620800,甘肃省,平凉市,35.544,106.665,catalog,
prefecture-jiuquan,620900,甘肃省,酒泉市,39.734,98.494,catalog,
prefecture-qingyang,621000,甘肃省,庆阳市,35.739,107.632,catalog,
prefecture-dingxi,621100,甘肃省,定西市,35.583,104.626,catalog,
prefecture-longnan,621200,甘肃省,陇南市,33.401,104.922,catalog,
prefecture-linxia-hui-autonomous-prefecture,622900,甘肃省,临夏回族自治州,35.601,103.211,catalog,
prefecture-gannan-tibetan-autonomous-prefecture,623000,甘肃省,甘南藏族自治州,34.983,102.911,catalog,
prefecture-xining,630100,青海省,西宁市,36.6169,101.7781,catalog,
prefecture-haidong,630200,青海省,海东市,36.502,102.1045,catalog,
prefecture-haibei-tibetan-autonomous-prefecture,632200,青海省,海北藏族自治州,36.9545,100.9006,catalog,
prefecture-huangnan-tibetan-autonomous-prefecture,632300,青海省,黄南藏族自治州,35.5196,102.015,catalog,
prefecture-hainan-tibetan-autonomous-prefecture,632500,青海省,海南藏族自治州,36.2967,100.6227,catalog,
prefecture-golog-tibetan-autonomous-prefecture,632600,青海省,果洛藏族自治州,34.4715,100.2447,catalog,
prefecture-yushu-tibetan-autonomous-prefecture,632700,青海省,玉树藏族自治州,33.012,97.092,catalog,
prefecture-haixi-mongol-and-tibetan-autonomous-prefecture,632800,青海省,海西蒙古族藏族自治州,37.377,97.369,catalog,
prefecture-yinchuan,640100,宁夏回族自治区,银川市,38.4874,106.2308,catalog,
prefecture-shizuishan,640200,宁夏回族自治区,石嘴山市,38.9833,106.3828,catalog,
prefecture-wuzhong,640300,宁夏回族自治区,吴忠市,37.9975,106.1984,catalog,
prefecture-guyuan,640400,宁夏回族自治区,固原市,36.0159,106.2426,catalog,
prefecture-zhongwei,640500,宁夏回族自治区,中卫市,37.5,105.1967,catalog,
prefecture-urumqi,650100,新疆维吾尔自治区,乌鲁木齐市,43.71666667,87.63333333,catalog,
prefecture-karamay,650200,新疆维吾尔自治区,克拉玛依市,45.57913,84.88666,catalog,
prefecture-turpan,650400,新疆维吾尔自治区,吐鲁番市,42.96361111,89.18527778,catalog,
prefecture-hami,650500,新疆维吾尔自治区,哈密市,42.8254995,93.5130464,OpenStreetMap Nominatim,"哈密市 قۇمۇل شەھىرى, 新疆维吾尔自治区 شىنجاڭ ئۇيغۇر ئاپتونوم رايونی, 中国"
prefecture-changji-hui-autonomous-prefecture,652300,新疆维吾尔自治区,昌吉回族自治州,44.3478012,86.6870066,OpenStreetMap Nominatim,"昌吉回族自治州 سانجى خۇيزۇ ئاپتونوم ئوبلاستى, 新疆维吾尔自治区 شىنجاڭ ئۇيغۇر ئاپتونوم رايونی, 中国"
prefecture-bortala-mongol-autonomous-prefecture,652700,新疆维吾尔自治区,博尔塔拉蒙古自治州,44.9048060,82.0629703,OpenStreetMap Nominatim,"博尔塔拉蒙古自治州 ᠪᠣᠷᠣᠲᠠᠯ᠎ᠠ ᠶᠢᠨ ᠮᠣᠩᠭᠣᠯ ᠥᠪᠡᠷᠲᠡᠭᠡᠨ ᠵᠠᠰᠠᠬᠤ ᠵᠧᠦ, 新疆维吾尔自治区 شىنجاڭ ئۇيغۇر ئاپتونوم رايونی, 833404, 中国"
prefecture-bayingolin-mongol-autonomous-prefecture,652800,新疆维吾尔自治区,巴音郭楞蒙古自治州,39.4955860,87.9790569,OpenStreetMap Nominatim,"巴音郭楞蒙古自治州 بايىنغولىن موڭغۇل ئاپتونوم ئوبلاستى, 新疆维吾尔自治区 شىنجاڭ ئۇيغۇر ئاپتونوم رايونی, 中国"
prefecture-aksu-prefecture,652900,新疆维吾尔自治区,阿克苏地区,41.16666667,80.25,catalog,
prefecture-kizilsu-kyrgyz-autonomous-prefecture,653000,新疆维吾尔自治区,克孜勒苏柯尔克孜自治州,39.7146,76.1678,catalog,
prefecture-kashgar-prefecture,653100,新疆维吾尔自治区,喀什地区,37.8714865,77.1915562,OpenStreetMap Nominatim,"喀什地区 قەشقەر ۋىلايىتى, 新疆维吾尔自治区 شىنجاڭ ئۇيغۇر ئاپتونوم رايونی, 中国"
prefecture-hotan-prefecture,653200,新疆维吾尔自治区,和田地区,37.1110359,79.9208930,OpenStreetMap Nominatim,"和田市 خوتەن شەھىرى, 和田地区 خوتەن ۋىلايىتى, 新疆维吾尔自治区 شىنجاڭ ئۇيغۇر ئاپتونوم رايونی, 中国"
prefecture-ili-kazakh-autonomous-prefecture,654000,新疆维吾尔自治区,伊犁哈萨克自治州,43.9138140,81.3271885,OpenStreetMap Nominatim,"伊犁哈萨克自治州, 新疆维吾尔自治区 شىنجاڭ ئۇيغۇر ئاپتونوم رايونی, 中国"
prefecture-tacheng-prefecture,654200,新疆维吾尔自治区,塔城地区,45.7491990,84.2850459,OpenStreetMap Nominatim,"塔城地区 تارباعاتاي ايماعى, 新疆维吾尔自治区 شىنجاڭ ئۇيغۇر ئاپتونوم رايونی, 中国"
prefecture-altay-prefecture,654300,新疆维吾尔自治区,阿勒泰地区,47.1001782,88.4341751,OpenStreetMap Nominatim,"阿勒泰地区, 新疆维吾尔自治区 شىنجاڭ ئۇيغۇر ئاپتونوم رايونی, 中国"
prefecture-beijing,110000,北京市,北京市,39.9042,116.4074,catalog,
prefecture-tianjin,120000,天津市,天津市,39.0842,117.2009,catalog,
prefecture-shanghai,310000,上海市,上海市,31.2304,121.4737,catalog,
prefecture-chongqing,500000,重庆市,重庆市,29.4316,106.9123,catalog,
prefecture-hong-kong,810000,香港特别行政区,香港,22.3193,114.1694,catalog,
prefecture-macau,820000,澳门特别行政区,澳门,22.1987,113.5439,catalog,
