index,province_zh,province_en,city_zh,city_short_zh,admin_type_zh,division_code,city_en,wiki_title_zh,wiki_title_en,lat,lon,slug,catalog_id,source_station_wmo,source_station_file,source_station_name,source_station_lat,source_station_lon,station_match_quality
1,河北省,Hebei,石家庄市,石家庄,地级市,130100,Shijiazhuang,石家庄市,Shijiazhuang,38.044,114.5139,shijiazhuang,prefecture-shijiazhuang,536980,CHN_HE_Shijiazhuang.536980_TMYx.2011-2025.zip,石家庄,38.0733,114.3513,direct
2,河北省,Hebei,唐山市,唐山,地级市,130200,Tangshan,唐山市,Tangshan,39.631,118.179,tangshan,prefecture-tangshan,545340,CHN_HE_Tangshan.545340_TMYx.2011-2025.zip,Tangshan,39.5816,118.0931,direct
3,河北省,Hebei,秦皇岛市,秦皇岛,地级市,130300,Qinhuangdao,秦皇岛市,Qinhuangdao,39.936,119.6,qinhuangdao,prefecture-qinhuangdao,545340,CHN_HE_Tangshan.545340_TMYx.2011-2025.zip,Tangshan,39.5816,118.0931,city_alias_fallback
4,河北省,Hebei,邯郸市,邯郸,地级市,130400,Handan,邯郸市,Handan,36.6258,114.5388,handan,prefecture-handan,536980,CHN_HE_Shijiazhuang.536980_TMYx.2011-2025.zip,石家庄,38.0733,114.3513,province_capital_fallback
5,河北省,Hebei,邢台市,邢台,地级市,130500,Xingtai,邢台市,Xingtai,37.07,114.505,xingtai,prefecture-xingtai,537980,CHN_HE_Xingtai.537980_TMYx.2011-2025.zip,Xingtai,37.1808,114.3589,direct
6,河北省,Hebei,保定市,保定,地级市,130600,Baoding,保定市,Baoding,38.8745,115.4645,baoding,prefecture-baoding,546020,CHN_HE_Baoding.546020_TMYx.2011-2025.zip,Baoding,38.7373,115.4776,direct
7,河北省,Hebei,张家口市,张家口,地级市,130700,Zhangjiakou,张家口市,Zhangjiakou,40.7675,114.8858,zhangjiakou,prefecture-zhangjiakou,544010,CHN_HE_Zhangjiakou.544010_TMYx.2011-2025.zip,Zhangjiakou,40.7694,114.9194,direct
8,河北省,Hebei,承德市,承德,地级市,130800,Chengde,承德市,Chengde,40.953,117.963,chengde,prefecture-chengde,544230,CHN_HE_Chengde.544230_TMYx.2011-2025.zip,Chengde,40.9726,117.9247,direct
9,河北省,Hebei,沧州市,沧州,地级市,130900,Cangzhou,沧州市,Cangzhou,38.3045,116.8386,cangzhou,prefecture-cangzhou,546160,CHN_HE_Cangzhou.546160_TMYx.zip,Cangzhou,38.333,116.833,direct
10,河北省,Hebei,廊坊市,廊坊,地级市,131000,Langfang,廊坊市,Langfang,39.538,116.684,langfang,prefecture-langfang,536980,CHN_HE_Shijiazhuang.536980_TMYx.2011-2025.zip,石家庄,38.0733,114.3513,province_capital_fallback
11,河北省,Hebei,衡水市,衡水,地级市,131100,Hengshui,衡水市,Hengshui,37.739,115.67,hengshui,prefecture-hengshui,536980,CHN_HE_Shijiazhuang.536980_TMYx.2011-2025.zip,石家庄,38.0733,114.3513,city_alias_fallback
12,山西省,Shanxi,太原市,太原,地级市,140100,Taiyuan,太原市,Taiyuan,37.86666667,112.55,taiyuan,prefecture-taiyuan,537720,CHN_SX_Taiyuan.537720_TMYx.2011-2025.zip,太原,37.6206,112.5764,direct
13,山西省,Shanxi,大同市,大同,地级市,140200,Datong,大同市,Datong,40.0763,113.2999,datong,prefecture-datong,534870,CHN_SX_Datong.534870_TMYx.2011-2025.zip,Datong,40.0787,113.4116,direct
14,山西省,Shanxi,阳泉市,阳泉,地级市,140300,Yangquan,阳泉市,Yangquan,37.8573,113.5804,yangquan,prefecture-yangquan,537820,CHN_SX_Yangquan.537820_TMYx.zip,Yangquan,37.817,113.567,direct
15,山西省,Shanxi,长治市,长治,地级市,140400,Changzhi,长治市,Changzhi,36.1953,113.1163,changzhi,prefecture-changzhi,538870,CHN_SX_Changzhi.538870_TMYx.zip,Changzhi,36.2,113.117,direct
16,山西省,Shanxi,晋城市,晋城,地级市,140500,Jincheng,晋城市,Jincheng,35.4895,112.8516,jincheng,prefecture-jincheng,537720,CHN_SX_Taiyuan.537720_TMYx.2011-2025.zip,太原,37.6206,112.5764,city_alias_fallback
17,山西省,Shanxi,朔州市,朔州,地级市,140600,Shuozhou,朔州市,Shuozhou,39.3308,112.432,shuozhou,prefecture-shuozhou,534870,CHN_SX_Datong.534870_TMYx.2011-2025.zip,Datong,40.0787,113.4116,city_alias_fallback
18,山西省,Shanxi,晋中市,晋中,地级市,140700,Jinzhong,晋中市,Jinzhong,37.6874,112.7516,jinzhong,prefecture-jinzhong,537720,CHN_SX_Taiyuan.537720_TMYx.2011-2025.zip,太原,37.6206,112.5764,city_alias_fallback
19,山西省,Shanxi,运城市,运城,地级市,140800,Yuncheng,运城市,Yuncheng,35.0264,111.0076,yuncheng,prefecture-yuncheng,539590,CHN_SX_Yuncheng.539590_TMYx.2011-2025.zip,Yuncheng,35.1114,111.0664,direct
20,山西省,Shanxi,忻州市,忻州,地级市,140900,Xinzhou,忻州市,Xinzhou,38.4163,112.7341,xinzhou,prefecture-xinzhou,536640,CHN_SX_Xinzhou.536640_TMYx.zip,Xinzhou,38.4,112.717,direct
21,山西省,Shanxi,临汾市,临汾,地级市,141000,Linfen,临汾市,Linfen,36.088,111.519,linfen,prefecture-linfen,537720,CHN_SX_Taiyuan.537720_TMYx.2011-2025.zip,太原,37.6206,112.5764,city_alias_fallback
22,山西省,Shanxi,吕梁市,吕梁,地级市,141100,Lüliang,吕梁市,Lüliang,37.5184,111.144,luliang,prefecture-luliang,537720,CHN_SX_Taiyuan.537720_TMYx.2011-2025.zip,太原,37.6206,112.5764,city_alias_fallback
23,内蒙古自治区,Inner Mongolia,呼和浩特市,呼和浩特,地级市,150100,Hohhot,呼和浩特市,Hohhot,40.8421,111.7503,hohhot,prefecture-hohhot,534630,CHN_NM_Hohhot-Baita.Intl.AP.534630_TMYx.2011-2025.zip,Hohhot,40.8559,111.5714,direct
24,内蒙古自治区,Inner Mongolia,包头市,包头,地级市,150200,Baotou,包头市,Baotou,40.658,109.8402,baotou,prefecture-baotou,534460,CHN_NM_Baotou.534460_TMYx.zip,Baotou,40.567,109.983,direct
25,内蒙古自治区,Inner Mongolia,乌海市,乌海,地级市,150300,Wuhai,乌海市,Wuhai,39.655,106.7942,wuhai,prefecture-wuhai,534630,CHN_NM_Hohhot-Baita.Intl.AP.534630_TMYx.2011-2025.zip,Hohhot,40.8559,111.5714,city_alias_fallback
26,内蒙古自治区,Inner Mongolia,赤峰市,赤峰,地级市,150400,Chifeng,赤峰市,Chifeng,42.2579,118.887,chifeng,prefecture-chifeng,542180,CHN_NM_Chifeng.542180_TMYx.2011-2025.zip,Chifeng,42.308,118.8325,direct
27,内蒙古自治区,Inner Mongolia,通辽市,通辽,地级市,150500,Tongliao,通辽市,Tongliao,43.6527,122.2436,tongliao,prefecture-tongliao,541350,CHN_NM_Tongliao.541350_TMYx.2011-2025.zip,Tongliao,43.5954,122.2603,direct
28,内蒙古自治区,Inner Mongolia,鄂尔多斯市,鄂尔多斯,地级市,150600,Ordos City,鄂尔多斯市,Ordos City,39.6082,109.7814,ordos-city,prefecture-ordos-city,534630,CHN_NM_Hohhot-Baita.Intl.AP.534630_TMYx.2011-2025.zip,Hohhot,40.8559,111.5714,city_alias_fallback
29,内蒙古自治区,Inner Mongolia,呼伦贝尔市,呼伦贝尔,地级市,150700,Hulunbuir,呼伦贝尔市,Hulunbuir,49.2118,119.7657,hulunbuir,prefecture-hulunbuir,534630,CHN_NM_Hohhot-Baita.Intl.AP.534630_TMYx.2011-2025.zip,Hohhot,40.8559,111.5714,city_alias_fallback
30,内蒙古自治区,Inner Mongolia,巴彦淖尔市,巴彦淖尔,地级市,150800,Bayannur,巴彦淖尔市,Bayannur,40.7433,107.3876,bayannur,prefecture-bayannur,534630,CHN_NM_Hohhot-Baita.Intl.AP.534630_TMYx.2011-2025.zip,Hohhot,40.8559,111.5714,city_alias_fallback
31,内蒙古自治区,Inner Mongolia,乌兰察布市,乌兰察布,地级市,150900,Ulanqab,乌兰察布市,Ulanqab,40.995,113.132,ulanqab,prefecture-ulanqab,534630,CHN_NM_Hohhot-Baita.Intl.AP.534630_TMYx.2011-2025.zip,Hohhot,40.8559,111.5714,city_alias_fallback
32,内蒙古自治区,Inner Mongolia,兴安盟,兴安,盟,152200,Hinggan League,兴安盟,Hinggan League,46.0824,122.0375,hinggan-league,prefecture-hinggan-league,534630,CHN_NM_Hohhot-Baita.Intl.AP.534630_TMYx.2011-2025.zip,Hohhot,40.8559,111.5714,province_capital_fallback
33,内蒙古自治区,Inner Mongolia,锡林郭勒盟,锡林郭勒,盟,152500,Xilingol League,锡林郭勒盟,Xilingol League,43.9335,116.0477,xilingol-league,prefecture-xilingol-league,534630,CHN_NM_Hohhot-Baita.Intl.AP.534630_TMYx.2011-2025.zip,Hohhot,40.8559,111.5714,province_capital_fallback
34,内蒙古自治区,Inner Mongolia,阿拉善盟,阿拉善,盟,152900,Alxa League,阿拉善盟,Alxa League,38.852,105.728,alxa-league,prefecture-alxa-league,536020,CHN_NM_Alxa.536020_TMYx.zip,Alxa,38.8649,105.731,direct
35,辽宁省,Liaoning,沈阳市,沈阳,地级市,210100,Shenyang,沈阳市,Shenyang,41.79555556,123.44805556,shenyang,prefecture-shenyang,543420,CHN_LN_Shenyang.543420_TMYx.2011-2025.zip,沈阳,41.7325,123.5099,direct
36,辽宁省,Liaoning,大连市,大连,地级市,210200,Dalian,大连市,Dalian,38.92083333,121.63916667,dalian,prefecture-dalian,546620,CHN_LN_Dalian-Zhoushuizi.Intl.AP.546620_TMYx.2011-2025.zip,大连,38.908,121.66,direct
37,辽宁省,Liaoning,鞍山市,鞍山,地级市,210300,Anshan,鞍山市,Anshan,41.1083,122.9933,anshan,prefecture-anshan,543390,CHN_LN_Anshan.543390_TMYx.zip,Anshan,41.133,122.983,direct
38,辽宁省,Liaoning,抚顺市,抚顺,地级市,210400,Fushun,抚顺市,Fushun,41.8806,123.957,fushun,prefecture-fushun,543420,CHN_LN_Shenyang.543420_TMYx.2011-2025.zip,沈阳,41.7325,123.5099,city_alias_fallback
39,辽宁省,Liaoning,本溪市,本溪,地级市,210500,Benxi,本溪市,Benxi,41.2942,123.7655,benxi,prefecture-benxi,543460,CHN_LN_Benxi.543460_CSWD.zip,Benxi,41.3067,123.7753,direct
40,辽宁省,Liaoning,丹东市,丹东,地级市,210600,Dandong,丹东市,Dandong,40.0005,124.3539,dandong,prefecture-dandong,544970,CHN_LN_Dandong.544970_TMYx.2011-2025.zip,Dandong,40.0317,124.3275,direct
41,辽宁省,Liaoning,锦州市,锦州,地级市,210700,Jinzhou,锦州市,Jinzhou,41.0957,121.1264,jinzhou,prefecture-jinzhou,543370,CHN_LN_Jinzhou.543370_TMYx.2011-2025.zip,Jinzhou,41.1402,121.1224,direct
42,辽宁省,Liaoning,营口市,营口,地级市,210800,Yingkou,营口市,Yingkou,40.6679,122.2344,yingkou,prefecture-yingkou,544710,CHN_LN_Yingkou.544710_TMYx.2011-2025.zip,Yingkou,40.6656,122.1733,direct
43,辽宁省,Liaoning,阜新市,阜新,地级市,210900,Fuxin,阜新市,Fuxin,42.0216,121.6696,fuxin,prefecture-fuxin,542370,CHN_LN_Fuxin.542370_TMYx.zip,Fuxin,42.0,121.633,direct
44,辽宁省,Liaoning,辽阳市,辽阳,地级市,211000,Liaoyang,辽阳市,Liaoyang,41.2673,123.237,liaoyang,prefecture-liaoyang,543420,CHN_LN_Shenyang.543420_TMYx.2011-2025.zip,沈阳,41.7325,123.5099,city_alias_fallback
45,辽宁省,Liaoning,盘锦市,盘锦,地级市,211100,Panjin,盘锦市,Panjin,41.12,122.0709,panjin,prefecture-panjin,543420,CHN_LN_Shenyang.543420_TMYx.2011-2025.zip,沈阳,41.7325,123.5099,city_alias_fallback
46,辽宁省,Liaoning,铁岭市,铁岭,地级市,211200,Tieling,铁岭市,Tieling,42.2238,123.7259,tieling,prefecture-tieling,543420,CHN_LN_Shenyang.543420_TMYx.2011-2025.zip,沈阳,41.7325,123.5099,city_alias_fallback
47,辽宁省,Liaoning,朝阳市,朝阳,地级市,211300,Chaoyang,朝阳市,"Chaoyang, Liaoning",41.5736,120.4494,chaoyang,prefecture-chaoyang,543240,CHN_LN_Chaoyang.543240_TMYx.2011-2025.zip,Chaoyang,41.5478,120.4292,direct
48,辽宁省,Liaoning,葫芦岛市,葫芦岛,地级市,211400,Huludao,葫芦岛市,Huludao,40.711,120.837,huludao,prefecture-huludao,543420,CHN_LN_Shenyang.543420_TMYx.2011-2025.zip,沈阳,41.7325,123.5099,city_alias_fallback
49,吉林省,Jilin,长春市,长春,地级市,220100,Changchun,长春市,Changchun,43.88458056,125.31843056,changchun,prefecture-changchun,541610,CHN_JL_Changchun.541610_TMYx.2011-2025.zip,长春,43.901,125.209,direct
50,吉林省,Jilin,吉林市,吉林,地级市,220200,Jilin City,吉林市,Jilin City,43.836,126.55,jilin-city,prefecture-jilin-city,541720,CHN_JL_Jilin.541720_TMYx.zip,Jilin,43.85,126.55,direct
51,吉林省,Jilin,四平市,四平,地级市,220300,Siping,四平市,"Siping, Jilin",43.166,124.35,siping,prefecture-siping,541570,CHN_JL_Siping.541570_TMYx.2011-2025.zip,Siping,43.1203,124.3854,direct
52,吉林省,Jilin,辽源市,辽源,地级市,220400,Liaoyuan,辽源市,Liaoyuan,42.888,125.144,liaoyuan,prefecture-liaoyuan,541610,CHN_JL_Changchun.541610_TMYx.2011-2025.zip,长春,43.901,125.209,city_alias_fallback
53,吉林省,Jilin,通化市,通化,地级市,220500,Tonghua,通化市,Tonghua,41.728,125.94,tonghua,prefecture-tonghua,543630,CHN_JL_Tonghua.543630_TMYx.zip,Tonghua,41.717,125.917,direct
54,吉林省,Jilin,白山市,白山,地级市,220600,白山市,白山市,白山市,,,city-jilin,prefecture-city-jilin,541610,CHN_JL_Changchun.541610_TMYx.2011-2025.zip,长春,43.901,125.209,city_alias_fallback
55,吉林省,Jilin,松原市,松原,地级市,220700,松原市,松原市,松原市,,,city-jilin-2,prefecture-city-jilin-2,541610,CHN_JL_Changchun.541610_TMYx.2011-2025.zip,长春,43.901,125.209,city_alias_fallback
56,吉林省,Jilin,白城市,白城,地级市,220800,Baicheng,白城市,Baicheng,45.62,122.839,baicheng,prefecture-baicheng,509360,CHN_JL_Baicheng.509360_CSWD.zip,Baicheng,45.63333,122.8333,direct_quality_override
57,吉林省,Jilin,延边朝鲜族自治州,延边朝鲜族,自治州,222400,Yanbian Korean Autonomous Prefecture,延边朝鲜族自治州,Yanbian Korean Autonomous Prefecture,42.891,129.509,yanbian-korean-autonomous-prefecture,prefecture-yanbian-korean-autonomous-prefecture,541610,CHN_JL_Changchun.541610_TMYx.2011-2025.zip,长春,43.901,125.209,province_capital_fallback
58,黑龙江省,Heilongjiang,哈尔滨市,哈尔滨,地级市,230100,Harbin,哈尔滨市,Harbin,45.80138889,126.52916667,harbin,prefecture-harbin,509530,CHN_HL_Harbin.509530_TMYx.2011-2025.zip,哈尔滨,45.934,126.581,direct
59,黑龙江省,Heilongjiang,齐齐哈尔市,齐齐哈尔,地级市,230200,Qiqihar,齐齐哈尔市,Qiqihar,47.3536,123.9185,qiqihar,prefecture-qiqihar,507450,CHN_HL_Qiqihar-Sanjiazi.507450_TMYx.2011-2025.zip,Qiqihar,47.3761,123.9236,direct
60,黑龙江省,Heilongjiang,鸡西市,鸡西,地级市,230300,Jixi,鸡西市,Jixi,45.2956,130.969,jixi,prefecture-jixi,509780,CHN_HL_Jixi.509780_TMYx.2011-2025.zip,Jixi,45.305,130.9089,direct
61,黑龙江省,Heilongjiang,鹤岗市,鹤岗,地级市,230400,Hegang,鹤岗市,Hegang,47.35,130.298,hegang,prefecture-hegang,507750,CHN_HL_Hegang.507750_TMYx.zip,Hegang,47.3483,130.3045,direct
62,黑龙江省,Heilongjiang,双鸭山市,双鸭山,地级市,230500,Shuangyashan,双鸭山市,Shuangyashan,46.646,131.1586,shuangyashan,prefecture-shuangyashan,509530,CHN_HL_Harbin.509530_TMYx.2011-2025.zip,哈尔滨,45.934,126.581,city_alias_fallback
63,黑龙江省,Heilongjiang,大庆市,大庆,地级市,230600,Daqing,大庆市,Daqing,46.589,125.104,daqing,prefecture-daqing,509530,CHN_HL_Harbin.509530_TMYx.2011-2025.zip,哈尔滨,45.934,126.581,city_alias_fallback
64,黑龙江省,Heilongjiang,伊春市,伊春,地级市,230700,Yichun,伊春市,"Yichun, Heilongjiang",47.7276,128.8406,yichun-heilongjiang,prefecture-yichun-heilongjiang,507740,CHN_HL_Yichun.507740_TMYx.2011-2025.zip,Yichun,47.7081,128.8358,direct
65,黑龙江省,Heilongjiang,佳木斯市,佳木斯,地级市,230800,Jiamusi,佳木斯市,Jiamusi,46.8,130.318,jiamusi,prefecture-jiamusi,508730,CHN_HL_Jiamusi.508730_CSWD.zip,Jiamusi,46.81667,130.2833,direct
66,黑龙江省,Heilongjiang,七台河市,七台河,地级市,230900,Qitaihe,七台河市,Qitaihe,45.772,131.0017,qitaihe,prefecture-qitaihe,509530,CHN_HL_Harbin.509530_TMYx.2011-2025.zip,哈尔滨,45.934,126.581,city_alias_fallback
67,黑龙江省,Heilongjiang,牡丹江市,牡丹江,地级市,231000,Mudanjiang,牡丹江市,Mudanjiang,44.552,129.633,mudanjiang,prefecture-mudanjiang,540940,CHN_HL_Mudanjiang.540940_TMYx.2011-2025.zip,Mudanjiang,44.5039,129.6683,direct
68,黑龙江省,Heilongjiang,黑河市,黑河,地级市,231100,Heihe,黑河市,Heihe,50.245,127.528,heihe,prefecture-heihe,509530,CHN_HL_Harbin.509530_TMYx.2011-2025.zip,哈尔滨,45.934,126.581,city_alias_fallback
69,黑龙江省,Heilongjiang,绥化市,绥化,地级市,231200,Suihua,绥化市,Suihua,46.654,126.969,suihua,prefecture-suihua,509530,CHN_HL_Harbin.509530_TMYx.2011-2025.zip,哈尔滨,45.934,126.581,city_alias_fallback
70,黑龙江省,Heilongjiang,大兴安岭地区,大兴安岭,地区,232700,Daxing'anling Prefecture,大兴安岭地区,Daxing'anling Prefecture,,,daxinganling-prefecture,prefecture-daxinganling-prefecture,509530,CHN_HL_Harbin.509530_TMYx.2011-2025.zip,哈尔滨,45.934,126.581,province_capital_fallback
71,江苏省,Jiangsu,南京市,南京,地级市,320100,Nanjing,南京市,Nanjing,32.04388889,118.77861111,nanjing,prefecture-nanjing,582380,CHN_JS_Nanjing.582380_TMYx.2011-2025.zip,南京,31.9316,118.8996,direct
72,江苏省,Jiangsu,无锡市,无锡,地级市,320200,Wuxi,无锡市,Wuxi,31.49,120.313,wuxi,prefecture-wuxi,583580,CHN_JS_Suzhou.583580_TMYx.zip,苏州,31.267,120.617,city_alias_fallback
73,江苏省,Jiangsu,徐州市,徐州,地级市,320300,Xuzhou,徐州市,Xuzhou,34.205,117.283,xuzhou,prefecture-xuzhou,580270,CHN_JS_Xuzhou.580270_TMYx.2011-2025.zip,徐州,34.2871,117.1587,direct
74,江苏省,Jiangsu,常州市,常州,地级市,320400,Changzhou,常州市,Changzhou,31.81,119.976,changzhou,prefecture-changzhou,583430,CHN_JS_Changzhou.583430_TMYx.zip,杭州,31.767,119.95,direct
75,江苏省,Jiangsu,苏州市,苏州,地级市,320500,Suzhou,苏州市,Suzhou,31.3,120.61666667,suzhou-jiangsu,prefecture-suzhou-jiangsu,583580,CHN_JS_Suzhou.583580_TMYx.zip,苏州,31.267,120.617,city_alias_fallback
76,江苏省,Jiangsu,南通市,南通,地级市,320600,Nantong,南通市,Nantong,31.98,120.895,nantong,prefecture-nantong,548525,CHN_JS_Nantong.548525_TMYx.2011-2025.zip,Nantong,32.02,120.85,direct
77,江苏省,Jiangsu,连云港市,连云港,地级市,320700,Lianyungang,连云港市,Lianyungang,34.597,119.222,lianyungang,prefecture-lianyungang,580270,CHN_JS_Xuzhou.580270_TMYx.2011-2025.zip,徐州,34.2871,117.1587,city_alias_fallback
78,江苏省,Jiangsu,淮安市,淮安,地级市,320800,Huai'an,淮安市,Huai'an,33.55,119.114,huaian,prefecture-huaian,582380,CHN_JS_Nanjing.582380_TMYx.2011-2025.zip,南京,31.9316,118.8996,city_alias_fallback
79,江苏省,Jiangsu,盐城市,盐城,地级市,320900,Yancheng,盐城市,Yancheng,33.347,120.164,yancheng,prefecture-yancheng,591625,CHN_JS_Yancheng.AP.591625_TMYx.2011-2025.zip,Yancheng,33.417,120.2,direct
80,江苏省,Jiangsu,扬州市,扬州,地级市,321000,Yangzhou,扬州市,Yangzhou,32.393,119.415,yangzhou,prefecture-yangzhou,582380,CHN_JS_Nanjing.582380_TMYx.2011-2025.zip,南京,31.9316,118.8996,city_alias_fallback
81,江苏省,Jiangsu,镇江市,镇江,地级市,321100,Zhenjiang,镇江市,Zhenjiang,32.188,119.428,zhenjiang,prefecture-zhenjiang,582380,CHN_JS_Nanjing.582380_TMYx.2011-2025.zip,南京,31.9316,118.8996,city_alias_fallback
82,江苏省,Jiangsu,泰州市,泰州,地级市,321200,Taizhou,泰州市,"Taizhou, Jiangsu",32.455,119.923,taizhou-jiangsu,prefecture-taizhou-jiangsu,582380,CHN_JS_Nanjing.582380_TMYx.2011-2025.zip,南京,31.9316,118.8996,city_alias_fallback
83,江苏省,Jiangsu,宿迁市,宿迁,地级市,321300,Suqian,宿迁市,Suqian,33.9624,118.2757,suqian,prefecture-suqian,580270,CHN_JS_Xuzhou.580270_TMYx.2011-2025.zip,徐州,34.2871,117.1587,city_alias_fallback
84,浙江省,Zhejiang,杭州市,杭州,地级市,330100,Hangzhou,杭州市,Hangzhou,30.24916667,120.20527778,hangzhou,prefecture-hangzhou,584570,CHN_ZJ_Hangzhou.584570_TMYx.2011-2025.zip,杭州,30.2259,120.1649,direct
85,浙江省,Zhejiang,宁波市,宁波,地级市,330200,Ningbo,宁波市,Ningbo,29.86361111,121.62083333,ningbo,prefecture-ningbo,585620,CHN_ZJ_Ningbo.585620_TMYx.zip,宁波,29.917,121.467,direct
86,浙江省,Zhejiang,温州市,温州,地级市,330300,Wenzhou,温州市,Wenzhou,27.993,120.699,wenzhou,prefecture-wenzhou,586590,CHN_ZJ_Wenzhou.586590_TMYx.2007-2021.zip,Wenzhou,28.017,120.667,direct
87,浙江省,Zhejiang,嘉兴市,嘉兴,地级市,330400,Jiaxing,嘉兴市,Jiaxing,30.754,120.759,jiaxing,prefecture-jiaxing,584570,CHN_ZJ_Hangzhou.584570_TMYx.2011-2025.zip,杭州,30.2259,120.1649,city_alias_fallback
88,浙江省,Zhejiang,湖州市,湖州,地级市,330500,Huzhou,湖州市,Huzhou,30.894,120.087,huzhou,prefecture-huzhou,584570,CHN_ZJ_Hangzhou.584570_TMYx.2011-2025.zip,杭州,30.2259,120.1649,city_alias_fallback
89,浙江省,Zhejiang,绍兴市,绍兴,地级市,330600,Shaoxing,绍兴市,Shaoxing,29.995,120.586,shaoxing,prefecture-shaoxing,584570,CHN_ZJ_Hangzhou.584570_TMYx.2011-2025.zip,杭州,30.2259,120.1649,city_alias_fallback
90,浙江省,Zhejiang,金华市,金华,地级市,330700,Jinhua,金华市,Jinhua,29.0788,119.6475,jinhua,prefecture-jinhua,585490,CHN_ZJ_Jinhua.585490_TMYx.zip,Jinhua,29.15,119.633,direct
91,浙江省,Zhejiang,衢州市,衢州,地级市,330800,Quzhou,衢州市,Quzhou,28.97,118.86,quzhou,prefecture-quzhou,586330,CHN_ZJ_Quzhou.586330_TMYx.2011-2025.zip,Quzhou,28.968,118.8938,direct
92,浙江省,Zhejiang,舟山市,舟山,地级市,330900,Zhoushan,舟山市,Zhoushan,29.9852,122.2077,zhoushan,prefecture-zhoushan,585620,CHN_ZJ_Ningbo.585620_TMYx.zip,宁波,29.917,121.467,city_alias_fallback
93,浙江省,Zhejiang,台州市,台州,地级市,331000,Taizhou,台州市,"Taizhou, Zhejiang",28.6556,121.4216,taizhou-zhejiang,prefecture-taizhou-zhejiang,585620,CHN_ZJ_Ningbo.585620_TMYx.zip,宁波,29.917,121.467,city_alias_fallback
94,浙江省,Zhejiang,丽水市,丽水,地级市,331100,Lishui,丽水市,Lishui,28.467,119.923,lishui,prefecture-lishui,586460,CHN_ZJ_Lishui.586460_TMYx.2011-2025.zip,Lishui,28.4612,119.9296,direct
95,安徽省,Anhui,合肥市,合肥,地级市,340100,Hefei,合肥市,Hefei,,,hefei,prefecture-hefei,583210,CHN_AH_Hefei.583210_TMYx.2011-2025.zip,合肥,31.9555,117.0574,direct
96,安徽省,Anhui,芜湖市,芜湖,地级市,340200,Wuhu,芜湖市,Wuhu,31.353,118.433,wuhu,prefecture-wuhu,583340,CHN_AH_Wuhu.583340_TMYx.zip,Wuhu,31.3644,118.437,direct
97,安徽省,Anhui,蚌埠市,蚌埠,地级市,340300,Bengbu,蚌埠市,Bengbu,,,bengbu,prefecture-bengbu,582210,CHN_AH_Bengbu.AP.582210_TMYx.2011-2025.zip,蚌埠,32.852,117.3207,direct
98,安徽省,Anhui,淮南市,淮南,地级市,340400,Huainan,淮南市,Huainan,32.625,117.0,huainan,prefecture-huainan,583210,CHN_AH_Hefei.583210_TMYx.2011-2025.zip,合肥,31.9555,117.0574,province_capital_fallback
99,安徽省,Anhui,马鞍山市,马鞍山,地级市,340500,Ma'anshan,马鞍山市,Ma'anshan,31.67,118.506,maanshan,prefecture-maanshan,583210,CHN_AH_Hefei.583210_TMYx.2011-2025.zip,合肥,31.9555,117.0574,province_capital_fallback
100,安徽省,Anhui,淮北市,淮北,地级市,340600,Huaibei,淮北市,Huaibei,33.9565,116.7977,huaibei,prefecture-huaibei,583210,CHN_AH_Hefei.583210_TMYx.2011-2025.zip,合肥,31.9555,117.0574,province_capital_fallback
101,安徽省,Anhui,铜陵市,铜陵,地级市,340700,Tongling,铜陵市,Tongling,30.9455,117.8115,tongling,prefecture-tongling,583210,CHN_AH_Hefei.583210_TMYx.2011-2025.zip,合肥,31.9555,117.0574,province_capital_fallback
102,安徽省,Anhui,安庆市,安庆,地级市,340800,Anqing,安庆市,Anqing,30.532,117.115,anqing,prefecture-anqing,584240,CHN_AH_Anqing.584240_TMYx.2011-2025.zip,安庆,30.6231,116.9673,direct
103,安徽省,Anhui,黄山市,黄山,地级市,341000,Huangshan City,黄山市,Huangshan City,29.7148,118.3375,huangshan-city,prefecture-huangshan-city,584370,CHN_AH_Huang.Shan.584370_TMYx.2011-2025.zip,黄山,30.1347,118.1642,direct
104,安徽省,Anhui,滁州市,滁州,地级市,341100,Chuzhou,滁州市,Chuzhou,32.2535,118.3283,chuzhou,prefecture-chuzhou,583210,CHN_AH_Hefei.583210_TMYx.2011-2025.zip,合肥,31.9555,117.0574,province_capital_fallback
105,安徽省,Anhui,阜阳市,阜阳,地级市,341200,Fuyang,阜阳市,Fuyang,32.889,115.814,fuyang,prefecture-fuyang,582030,CHN_AH_Fuyang.AP.582030_TMYx.2011-2025.zip,阜阳,32.8776,115.7363,direct
106,安徽省,Anhui,宿州市,宿州,地级市,341300,Suzhou,宿州市,"Suzhou, Anhui",33.6464,116.9639,suzhou-anhui,prefecture-suzhou-anhui,583210,CHN_AH_Hefei.583210_TMYx.2011-2025.zip,合肥,31.9555,117.0574,province_capital_fallback
107,安徽省,Anhui,六安市,六安,地级市,341500,Lu'an,六安市,Lu'an,31.7344,116.5214,luan,prefecture-luan,583210,CHN_AH_Hefei.583210_TMYx.2011-2025.zip,合肥,31.9555,117.0574,province_capital_fallback
108,安徽省,Anhui,亳州市,亳州,地级市,341600,Bozhou,亳州市,Bozhou,33.845,115.778,bozhou,prefecture-bozhou,583210,CHN_AH_Hefei.583210_TMYx.2011-2025.zip,合肥,31.9555,117.0574,province_capital_fallback
109,安徽省,Anhui,池州市,池州,地级市,341700,Chizhou,池州市,Chizhou,30.676533,117.494118,chizhou,prefecture-chizhou,583210,CHN_AH_Hefei.583210_TMYx.2011-2025.zip,合肥,31.9555,117.0574,province_capital_fallback
110,安徽省,Anhui,宣城市,宣城,地级市,341800,Xuancheng,宣城市,Xuancheng,30.94,118.758,xuancheng,prefecture-xuancheng,583210,CHN_AH_Hefei.583210_TMYx.2011-2025.zip,合肥,31.9555,117.0574,province_capital_fallback
111,福建省,Fujian,福州市,福州,地级市,350100,Fuzhou,福州市,Fuzhou,26.15,119.28333333,fuzhou-fujian,prefecture-fuzhou-fujian,588470,CHN_FJ_Fuzhou.588470_TMYx.2011-2025.zip,福州,26.0776,119.289,direct
112,福建省,Fujian,厦门市,厦门,地级市,350200,Xiamen,厦门市,Xiamen,,,xiamen,prefecture-xiamen,591340,CHN_FJ_Xiamen.591340_TMYx.2011-2025.zip,厦门,24.486,118.0798,direct
113,福建省,Fujian,莆田市,莆田,地级市,350300,Putian,莆田市,Putian,25.453,119.008,putian,prefecture-putian,588470,CHN_FJ_Fuzhou.588470_TMYx.2011-2025.zip,福州,26.0776,119.289,city_alias_fallback
114,福建省,Fujian,三明市,三明,地级市,350400,Sanming,三明市,Sanming,26.263,117.639,sanming,prefecture-sanming,588200,CHN_FJ_Sanming.588200_TMYx.zip,Sanming,26.183,117.617,direct
115,福建省,Fujian,泉州市,泉州,地级市,350500,Quanzhou,泉州市,Quanzhou,24.8741,118.6757,quanzhou,prefecture-quanzhou,583212,CHN_FJ_Jinjiang.AP.583212_TMYx.2011-2025.zip,Jinjiang,24.796,118.59,city_alias_fallback
116,福建省,Fujian,漳州市,漳州,地级市,350600,Zhangzhou,漳州市,Zhangzhou,24.513,117.6464,zhangzhou,prefecture-zhangzhou,591260,CHN_FJ_Zhangzhou.591260_TMYx.zip,杭州,24.633,117.65,direct
117,福建省,Fujian,南平市,南平,地级市,350700,Nanping,南平市,Nanping,26.6415,118.1779,nanping,prefecture-nanping,588340,CHN_FJ_Nanping.588340_TMYx.2011-2025.zip,Nanping,26.6484,118.1726,direct
118,福建省,Fujian,龙岩市,龙岩,地级市,350800,Longyan,龙岩市,Longyan,25.0757,117.0174,longyan,prefecture-longyan,589270,CHN_FJ_Longyan.589270_TMYx.zip,Longyan,25.1,117.017,direct
119,福建省,Fujian,宁德市,宁德,地级市,350900,Ningde,宁德市,Ningde,26.6657,119.5481,ningde,prefecture-ningde,588470,CHN_FJ_Fuzhou.588470_TMYx.2011-2025.zip,福州,26.0776,119.289,city_alias_fallback
120,江西省,Jiangxi,南昌市,南昌,地级市,360100,Nanchang,南昌市,Nanchang,,,nanchang,prefecture-nanchang,586060,CHN_JX_Nanchang.586060_TMYx.2011-2025.zip,南昌,28.5901,115.9014,direct
121,江西省,Jiangxi,景德镇市,景德镇,地级市,360200,Jingdezhen,景德镇市,Jingdezhen,29.269,117.178,jingdezhen,prefecture-jingdezhen,585270,CHN_JX_Jingdezhen.585270_TMYx.2011-2025.zip,Jingdezhen,29.3358,117.1786,direct
122,江西省,Jiangxi,萍乡市,萍乡,地级市,360300,Pingxiang,萍乡市,Pingxiang,27.623,113.8545,pingxiang,prefecture-pingxiang,586060,CHN_JX_Nanchang.586060_TMYx.2011-2025.zip,南昌,28.5901,115.9014,province_capital_fallback
123,江西省,Jiangxi,九江市,九江,地级市,360400,Jiujiang,九江市,Jiujiang,29.7054,116.0026,jiujiang,prefecture-jiujiang,586060,CHN_JX_Nanchang.586060_TMYx.2011-2025.zip,南昌,28.5901,115.9014,province_capital_fallback
124,江西省,Jiangxi,新余市,新余,地级市,360500,Xinyu,新余市,Xinyu,27.8176,114.917,xinyu,prefecture-xinyu,586060,CHN_JX_Nanchang.586060_TMYx.2011-2025.zip,南昌,28.5901,115.9014,province_capital_fallback
125,江西省,Jiangxi,鹰潭市,鹰潭,地级市,360600,Yingtan,鹰潭市,Yingtan,28.2597,117.0686,yingtan,prefecture-yingtan,586060,CHN_JX_Nanchang.586060_TMYx.2011-2025.zip,南昌,28.5901,115.9014,province_capital_fallback
126,江西省,Jiangxi,赣州市,赣州,地级市,360700,Ganzhou,赣州市,Ganzhou,25.8306,114.9328,ganzhou,prefecture-ganzhou,579930,CHN_JX_Ganzhou.579930_TMYx.2011-2025.zip,Ganzhou,25.8705,115.0142,direct
127,江西省,Jiangxi,吉安市,吉安,地级市,360800,Ji'an,吉安市,Ji'an,27.0875,114.9645,jian,prefecture-jian,577990,CHN_JX_Ji-an.577990_TMYx.2011-2025.zip,Ji,27.0434,114.9138,direct
128,江西省,Jiangxi,宜春市,宜春,地级市,360900,Yichun,宜春市,"Yichun, Jiangxi",27.8158,114.4166,yichun-jiangxi,prefecture-yichun-jiangxi,577930,CHN_JX_Yichun.577930_TMYx.2011-2025.zip,Yichun,27.7912,114.3693,direct
129,江西省,Jiangxi,抚州市,抚州,地级市,361000,Fuzhou,抚州市,"Fuzhou, Jiangxi",27.9494,116.3582,fuzhou-jiangxi,prefecture-fuzhou-jiangxi,586060,CHN_JX_Nanchang.586060_TMYx.2011-2025.zip,南昌,28.5901,115.9014,province_capital_fallback
130,江西省,Jiangxi,上饶市,上饶,地级市,361100,Shangrao,上饶市,Shangrao,28.455,117.943,shangrao,prefecture-shangrao,586260,CHN_JX_Shangrao.586260_TMYx.zip,Shangrao,28.483,117.983,direct
131,山东省,Shandong,济南市,济南,地级市,370100,Jinan,济南市,Jinan,36.63333333,117.01666667,jinan,prefecture-jinan,548230,CHN_SD_Jinan.Tsinan.548230_TMYx.2011-2025.zip,济南,36.6019,117.0081,direct
132,山东省,Shandong,青岛市,青岛,地级市,370200,Qingdao,青岛市,Qingdao,36.08333333,120.33333333,qingdao,prefecture-qingdao,548570,CHN_SD_Qingdao.Intl.AP.548570_TMYx.2011-2025.zip,青岛,36.266,120.374,direct
133,山东省,Shandong,淄博市,淄博,地级市,370300,Zibo,淄博市,Zibo,36.8133,118.0551,zibo,prefecture-zibo,548230,CHN_SD_Jinan.Tsinan.548230_TMYx.2011-2025.zip,济南,36.6019,117.0081,city_alias_fallback
134,山东省,Shandong,枣庄市,枣庄,地级市,370400,Zaozhuang,枣庄市,Zaozhuang,34.8103,117.3235,zaozhuang,prefecture-zaozhuang,549380,CHN_SD_Linyi.549380_TMYx.zip,Linyi,35.05,118.35,city_alias_fallback
135,山东省,Shandong,东营市,东营,地级市,370500,Dongying,东营市,Dongying,37.4334,118.6744,dongying,prefecture-dongying,548230,CHN_SD_Jinan.Tsinan.548230_TMYx.2011-2025.zip,济南,36.6019,117.0081,city_alias_fallback
136,山东省,Shandong,烟台市,烟台,地级市,370600,Yantai,烟台市,Yantai,37.4644,121.4478,yantai,prefecture-yantai,547630,CHN_SD_Yantai.547630_TMYx.zip,烟台,37.5423,121.4004,direct
137,山东省,Shandong,潍坊市,潍坊,地级市,370700,Weifang,潍坊市,Weifang,36.7065,119.1622,weifang,prefecture-weifang,548430,CHN_SD_Weifang.548430_CSWD.zip,潍坊,36.7667,119.1833,direct
138,山东省,Shandong,济宁市,济宁,地级市,370800,Jining,济宁市,Jining,35.415,116.587,jining,prefecture-jining,548230,CHN_SD_Jinan.Tsinan.548230_TMYx.2011-2025.zip,济南,36.6019,117.0081,city_alias_fallback
139,山东省,Shandong,泰安市,泰安,地级市,370900,Tai'an,泰安市,Tai'an,36.2,117.088,taian,prefecture-taian,548230,CHN_SD_Jinan.Tsinan.548230_TMYx.2011-2025.zip,济南,36.6019,117.0081,city_alias_fallback
140,山东省,Shandong,威海市,威海,地级市,371000,Weihai,威海市,Weihai,37.5125,122.1152,weihai,prefecture-weihai,547740,CHN_SD_Weihai.547740_TMYx.zip,Weihai,37.5152,122.1161,direct
141,山东省,Shandong,日照市,日照,地级市,371100,Rizhao,日照市,Rizhao,35.4154,119.5267,rizhao,prefecture-rizhao,549450,CHN_SD_Rizhao.549450_TMYx.2011-2025.zip,Rizhao,35.4681,119.555,direct
142,山东省,Shandong,临沂市,临沂,地级市,371300,Linyi,临沂市,Linyi,35.104,118.3556,linyi,prefecture-linyi,549380,CHN_SD_Linyi.549380_TMYx.zip,Linyi,35.05,118.35,direct
143,山东省,Shandong,德州市,德州,地级市,371400,Dezhou,德州市,Dezhou,37.4338,116.3572,dezhou,prefecture-dezhou,547140,CHN_SD_Dezhou.547140_TMYx.zip,Dezhou,37.433,116.317,direct
144,山东省,Shandong,聊城市,聊城,地级市,371500,Liaocheng,聊城市,Liaocheng,36.4571,115.9863,liaocheng,prefecture-liaocheng,548230,CHN_SD_Jinan.Tsinan.548230_TMYx.2011-2025.zip,济南,36.6019,117.0081,city_alias_fallback
145,山东省,Shandong,滨州市,滨州,地级市,371600,Binzhou,滨州市,Binzhou,37.381,117.971,binzhou,prefecture-binzhou,548230,CHN_SD_Jinan.Tsinan.548230_TMYx.2011-2025.zip,济南,36.6019,117.0081,city_alias_fallback
146,山东省,Shandong,菏泽市,菏泽,地级市,371700,Heze,菏泽市,Heze,35.2328,115.4822,heze,prefecture-heze,549060,CHN_SD_Heze.Caozhou.549060_TMYx.zip,Heze,35.25,115.433,city_alias_fallback
147,河南省,Henan,郑州市,郑州,地级市,410100,Zhengzhou,郑州市,Zhengzhou,34.75,113.63333333,zhengzhou,prefecture-zhengzhou,570830,CHN_HA_Zhengzhou.570830_CSWD.zip,Xinzheng,34.7064,113.6628,direct
148,河南省,Henan,开封市,开封,地级市,410200,Kaifeng,开封市,Kaifeng,34.7975,114.3079,kaifeng,prefecture-kaifeng,570910,CHN_HA_Kaifeng.570910_TMYx.zip,Kaifeng,34.75,114.417,direct
149,河南省,Henan,洛阳市,洛阳,地级市,410300,Luoyang,洛阳市,Luoyang,34.6195,112.4543,luoyang,prefecture-luoyang,570730,CHN_HA_Luoyang.570730_TMYx.zip,Luoyang,34.667,112.417,direct_quality_override
150,河南省,Henan,平顶山市,平顶山,地级市,410400,Pingdingshan,平顶山市,Pingdingshan,33.7664,113.1916,pingdingshan,prefecture-pingdingshan,570830,CHN_HA_Zhengzhou.570830_CSWD.zip,Xinzheng,34.7064,113.6628,city_alias_fallback
151,河南省,Henan,安阳市,安阳,地级市,410500,Anyang,安阳市,Anyang,36.0973,114.3922,anyang,prefecture-anyang,538980,CHN_HA_Anyang.538980_TMYx.2011-2025.zip,Anyang,36.0536,114.1392,direct
152,河南省,Henan,鹤壁市,鹤壁,地级市,410600,Hebi,鹤壁市,Hebi,35.7481,114.2964,hebi,prefecture-hebi,570830,CHN_HA_Zhengzhou.570830_CSWD.zip,Xinzheng,34.7064,113.6628,city_alias_fallback
153,河南省,Henan,新乡市,新乡,地级市,410700,Xinxiang,新乡市,Xinxiang,35.303,113.926,xinxiang,prefecture-xinxiang,570830,CHN_HA_Zhengzhou.570830_CSWD.zip,Xinzheng,34.7064,113.6628,city_alias_fallback
154,河南省,Henan,焦作市,焦作,地级市,410800,Jiaozuo,焦作市,Jiaozuo,35.2158,113.2421,jiaozuo,prefecture-jiaozuo,570830,CHN_HA_Zhengzhou.570830_CSWD.zip,Xinzheng,34.7064,113.6628,city_alias_fallback
155,河南省,Henan,濮阳市,濮阳,地级市,410900,Puyang,濮阳市,Puyang,35.762,115.028,puyang,prefecture-puyang,570830,CHN_HA_Zhengzhou.570830_CSWD.zip,Xinzheng,34.7064,113.6628,city_alias_fallback
156,河南省,Henan,许昌市,许昌,地级市,411000,Xuchang,许昌市,Xuchang,34.036,113.852,xuchang,prefecture-xuchang,570890,CHN_HA_Xuchang.570890_TMYx.zip,Xuchang,34.0,113.967,direct
157,河南省,Henan,漯河市,漯河,地级市,411100,Luohe,漯河市,Luohe,33.58,114.016,luohe,prefecture-luohe,570830,CHN_HA_Zhengzhou.570830_CSWD.zip,Xinzheng,34.7064,113.6628,city_alias_fallback
158,河南省,Henan,三门峡市,三门峡,地级市,411200,Sanmenxia,三门峡市,Sanmenxia,34.773,111.2,sanmenxia,prefecture-sanmenxia,570730,CHN_HA_Luoyang.570730_TMYx.zip,Luoyang,34.667,112.417,city_alias_fallback
159,河南省,Henan,南阳市,南阳,地级市,411300,Nanyang,南阳市,"Nanyang, Henan",32.9897,112.5282,nanyang,prefecture-nanyang,571780,CHN_HA_Nanyang.571780_TMYx.2011-2025.zip,Nanyang,33.1008,112.4869,direct
160,河南省,Henan,商丘市,商丘,地级市,411400,Shangqiu,商丘市,Shangqiu,34.4146,115.6558,shangqiu,prefecture-shangqiu,580050,CHN_HA_Shangqiu.580050_TMYx.zip,Shangqiu,34.4,115.633,direct
161,河南省,Henan,信阳市,信阳,地级市,411500,Xinyang,信阳市,Xinyang,32.1472,114.0903,xinyang,prefecture-xinyang,572970,CHN_HA_Xinyang.572970_TMYx.2011-2025.zip,Xinyang,32.1372,114.0433,direct
162,河南省,Henan,周口市,周口,地级市,411600,Zhoukou,周口市,Zhoukou,33.6263,114.6968,zhoukou,prefecture-zhoukou,570830,CHN_HA_Zhengzhou.570830_CSWD.zip,Xinzheng,34.7064,113.6628,city_alias_fallback
163,河南省,Henan,驻马店市,驻马店,地级市,411700,Zhumadian,驻马店市,Zhumadian,33.0108,114.0216,zhumadian,prefecture-zhumadian,572900,CHN_HA_Zhumadian.572900_TMYx.2011-2025.zip,Zhumadian,32.9403,113.9144,direct
164,湖北省,Hubei,武汉市,武汉,地级市,420100,Wuhan,武汉市,Wuhan,30.58333333,114.31666667,wuhan,prefecture-wuhan,574940,CHN_HB_Tianhe-Wuhan.574940_TMYx.2011-2025.zip,武汉,30.5977,114.0506,direct
165,湖北省,Hubei,黄石市,黄石,地级市,420200,Huangshi,黄石市,Huangshi,30.2,115.039,huangshi,prefecture-huangshi,574940,CHN_HB_Tianhe-Wuhan.574940_TMYx.2011-2025.zip,武汉,30.5977,114.0506,city_alias_fallback
166,湖北省,Hubei,十堰市,十堰,地级市,420300,Shiyan,十堰市,Shiyan,32.6295,110.7983,shiyan,prefecture-shiyan,574940,CHN_HB_Tianhe-Wuhan.574940_TMYx.2011-2025.zip,武汉,30.5977,114.0506,city_alias_fallback
167,湖北省,Hubei,宜昌市,宜昌,地级市,420500,Yichang,宜昌市,Yichang,30.70444444,111.28861111,yichang,prefecture-yichang,574610,CHN_HB_Yichang.574610_TMYx.2011-2025.zip,Yichang,30.7337,111.3596,direct
168,湖北省,Hubei,襄阳市,襄阳,地级市,420600,Xiangyang,襄阳市,Xiangyang,32.009,112.123,xiangyang,prefecture-xiangyang,574940,CHN_HB_Tianhe-Wuhan.574940_TMYx.2011-2025.zip,武汉,30.5977,114.0506,city_alias_fallback
169,湖北省,Hubei,鄂州市,鄂州,地级市,420700,Ezhou,鄂州市,Ezhou,,,ezhou,prefecture-ezhou,574940,CHN_HB_Tianhe-Wuhan.574940_TMYx.2011-2025.zip,武汉,30.5977,114.0506,city_alias_fallback
170,湖北省,Hubei,荆门市,荆门,地级市,420800,Jingmen,荆门市,Jingmen,31.0354,112.1995,jingmen,prefecture-jingmen,574940,CHN_HB_Tianhe-Wuhan.574940_TMYx.2011-2025.zip,武汉,30.5977,114.0506,province_capital_fallback
171,湖北省,Hubei,孝感市,孝感,地级市,420900,Xiaogan,孝感市,Xiaogan,30.9176,113.9571,xiaogan,prefecture-xiaogan,574940,CHN_HB_Tianhe-Wuhan.574940_TMYx.2011-2025.zip,武汉,30.5977,114.0506,city_alias_fallback
172,湖北省,Hubei,荆州市,荆州,地级市,421000,Jingzhou,荆州市,Jingzhou,30.335,112.24,jingzhou,prefecture-jingzhou,574760,CHN_HB_Jingzhou-Jiangling.574760_TMYx.2011-2025.zip,Jingzhou,30.35,112.15,direct
173,湖北省,Hubei,黄冈市,黄冈,地级市,421100,Huanggang,黄冈市,Huanggang,30.4537,114.8722,huanggang,prefecture-huanggang,574940,CHN_HB_Tianhe-Wuhan.574940_TMYx.2011-2025.zip,武汉,30.5977,114.0506,city_alias_fallback
174,湖北省,Hubei,咸宁市,咸宁,地级市,421200,Xianning,咸宁市,Xianning,,,xianning,prefecture-xianning,574940,CHN_HB_Tianhe-Wuhan.574940_TMYx.2011-2025.zip,武汉,30.5977,114.0506,city_alias_fallback
175,湖北省,Hubei,随州市,随州,地级市,421300,Suizhou,随州市,Suizhou,31.6901,113.3825,suizhou,prefecture-suizhou,573850,CHN_HB_Suizhou.573850_TMYx.zip,Suizhou,31.717,113.367,direct
176,湖北省,Hubei,恩施土家族苗族自治州,恩施土家族苗族,自治州,422800,Enshi Tujia and Miao Autonomous Prefecture,恩施土家族苗族自治州,Enshi Tujia and Miao Autonomous Prefecture,30.272,109.488,enshi-tujia-and-miao-autonomous-prefecture,prefecture-enshi-tujia-and-miao-autonomous-prefecture,574470,CHN_HB_Enshi.574470_TMYx.2011-2025.zip,Enshi,30.2861,109.4711,direct
177,湖南省,Hunan,长沙市,长沙,地级市,430100,Changsha,长沙市,Changsha,,,changsha,prefecture-changsha,576870,CHN_HN_Changsha.576870_TMYx.2011-2025.zip,长沙,28.1095,112.788,direct
178,湖南省,Hunan,株洲市,株洲,地级市,430200,Zhuzhou,株洲市,Zhuzhou,27.828,113.134,zhuzhou,prefecture-zhuzhou,577800,CHN_HN_Zhuzhou.577800_CSWD.zip,Zhuzhou,27.86667,113.1667,direct
179,湖南省,Hunan,湘潭市,湘潭,地级市,430300,Xiangtan,湘潭市,Xiangtan,27.83,112.944,xiangtan,prefecture-xiangtan,577730,CHN_HN_Xiangtan.577730_TMYx.zip,西安,27.883,112.917,direct
180,湖南省,Hunan,衡阳市,衡阳,地级市,430400,Hengyang,衡阳市,Hengyang,26.893,112.572,hengyang,prefecture-hengyang,578720,CHN_HN_Hengyang.578720_TMYx.zip,Hengyang,26.933,112.583,direct
181,湖南省,Hunan,邵阳市,邵阳,地级市,430500,Shaoyang,邵阳市,Shaoyang,27.239,111.4675,shaoyang,prefecture-shaoyang,577660,CHN_HN_Shaoyang.577660_TMYx.2011-2025.zip,Shaoyang,27.185,111.4535,direct
182,湖南省,Hunan,岳阳市,岳阳,地级市,430600,Yueyang,岳阳市,Yueyang,29.3567,113.1289,yueyang,prefecture-yueyang,575840,CHN_HN_Yueyang.575840_TMYx.2011-2025.zip,Yueyang,29.3807,113.0879,direct
183,湖南省,Hunan,常德市,常德,地级市,430700,Changde,常德市,Changde,29.0317,111.6987,changde,prefecture-changde,576620,CHN_HN_Changde.576620_TMYx.2011-2025.zip,Changde,29.1168,111.677,direct
184,湖南省,Hunan,张家界市,张家界,地级市,430800,Zhangjiajie,张家界市,Zhangjiajie,29.117,110.479,zhangjiajie,prefecture-zhangjiajie,576870,CHN_HN_Changsha.576870_TMYx.2011-2025.zip,长沙,28.1095,112.788,city_alias_fallback
185,湖南省,Hunan,益阳市,益阳,地级市,430900,Yiyang,益阳市,Yiyang,28.554,112.355,yiyang,prefecture-yiyang,576870,CHN_HN_Changsha.576870_TMYx.2011-2025.zip,长沙,28.1095,112.788,city_alias_fallback
186,湖南省,Hunan,郴州市,郴州,地级市,431000,Chenzhou,郴州市,Chenzhou,25.77,113.0161,chenzhou,prefecture-chenzhou,579720,CHN_HN_Chenzhou.579720_TMYx.2011-2025.zip,Chenzhou,25.7355,112.9773,direct
187,湖南省,Hunan,永州市,永州,地级市,431100,Yongzhou,永州市,Yongzhou,26.42,111.613,yongzhou,prefecture-yongzhou,576870,CHN_HN_Changsha.576870_TMYx.2011-2025.zip,长沙,28.1095,112.788,city_alias_fallback
188,湖南省,Hunan,怀化市,怀化,地级市,431200,Huaihua,怀化市,Huaihua,27.5695,110.0017,huaihua,prefecture-huaihua,577490,CHN_HN_Huaihua.577490_TMYx.zip,Huaihua,27.5667,110.0,direct
189,湖南省,Hunan,娄底市,娄底,地级市,431300,Loudi,娄底市,Loudi,27.7,111.993,loudi,prefecture-loudi,576870,CHN_HN_Changsha.576870_TMYx.2011-2025.zip,长沙,28.1095,112.788,city_alias_fallback
190,湖南省,Hunan,湘西土家族苗族自治州,湘西土家族苗族,自治州,433100,Xiangxi Tujia and Miao Autonomous Prefecture,湘西土家族苗族自治州,Xiangxi Tujia and Miao Autonomous Prefecture,28.312,109.739,xiangxi-tujia-and-miao-autonomous-prefecture,prefecture-xiangxi-tujia-and-miao-autonomous-prefecture,576870,CHN_HN_Changsha.576870_TMYx.2011-2025.zip,长沙,28.1095,112.788,province_capital_fallback
191,广东省,Guangdong,广州市,广州,地级市,440100,Guangzhou,广州市,Guangzhou,23.11666667,113.25,guangzhou,prefecture-guangzhou,592870,CHN_GD_Guangzhou.592870_TMYx.2011-2025.zip,广州,23.2099,113.4822,direct
192,广东省,Guangdong,韶关市,韶关,地级市,440200,Shaoguan,韶关市,Shaoguan,24.8108,113.5966,shaoguan,prefecture-shaoguan,590820,CHN_GD_Shaoguan.590820_TMYx.2011-2025.zip,Shaoguan,24.6703,113.6082,direct
193,广东省,Guangdong,深圳市,深圳,地级市,440300,Shenzhen,深圳市,Shenzhen,22.62,114.07,shenzhen,prefecture-shenzhen,594930,CHN_GD_Shenzhen.594930_TMYx.2011-2025.zip,深圳,22.5417,114.0033,direct
194,广东省,Guangdong,珠海市,珠海,地级市,440400,Zhuhai,珠海市,Zhuhai,22.2711,113.577,zhuhai,prefecture-zhuhai,592870,CHN_GD_Guangzhou.592870_TMYx.2011-2025.zip,广州,23.2099,113.4822,city_alias_fallback
195,广东省,Guangdong,汕头市,汕头,地级市,440500,Shantou,汕头市,Shantou,23.354,116.6821,shantou,prefecture-shantou,593160,CHN_GD_Shantou.593160_TMYx.2011-2025.zip,Shantou,23.3853,116.6792,direct
196,广东省,Guangdong,佛山市,佛山,地级市,440600,Foshan,佛山市,Foshan,23.022,113.1207,foshan,prefecture-foshan,592870,CHN_GD_Guangzhou.592870_TMYx.2011-2025.zip,广州,23.2099,113.4822,city_alias_fallback
197,广东省,Guangdong,江门市,江门,地级市,440700,Jiangmen,江门市,Jiangmen,22.59777778,113.09083333,jiangmen,prefecture-jiangmen,592870,CHN_GD_Guangzhou.592870_TMYx.2011-2025.zip,广州,23.2099,113.4822,city_alias_fallback
198,广东省,Guangdong,湛江市,湛江,地级市,440800,Zhanjiang,湛江市,Zhanjiang,21.2719,110.3604,zhanjiang,prefecture-zhanjiang,596580,CHN_GD_Zhanjiang.596580_TMYx.2011-2025.zip,Zhanjiang,21.1548,110.3034,direct
199,广东省,Guangdong,茂名市,茂名,地级市,440900,Maoming,茂名市,Maoming,21.6627,110.9259,maoming,prefecture-maoming,596580,CHN_GD_Zhanjiang.596580_TMYx.2011-2025.zip,Zhanjiang,21.1548,110.3034,city_alias_fallback
200,广东省,Guangdong,肇庆市,肇庆,地级市,441200,Zhaoqing,肇庆市,Zhaoqing,23.047,112.465,zhaoqing,prefecture-zhaoqing,592780,CHN_GD_Zhaoqing-Gaoyao.592780_TMYx.2011-2025.zip,Zhaoqing,22.9904,112.4792,direct
201,广东省,Guangdong,惠州市,惠州,地级市,441300,Huizhou,惠州市,Huizhou,23.112,114.415,huizhou,prefecture-huizhou,594930,CHN_GD_Shenzhen.594930_TMYx.2011-2025.zip,深圳,22.5417,114.0033,city_alias_fallback
202,广东省,Guangdong,梅州市,梅州,地级市,441400,Meizhou,梅州市,Meizhou,24.289,116.122,meizhou,prefecture-meizhou,593160,CHN_GD_Shantou.593160_TMYx.2011-2025.zip,Shantou,23.3853,116.6792,city_alias_fallback
203,广东省,Guangdong,汕尾市,汕尾,地级市,441500,Shanwei,汕尾市,Shanwei,22.786,115.375,shanwei,prefecture-shanwei,595010,CHN_GD_Shanwei.595010_TMYx.2011-2025.zip,Shanwei,22.7917,115.3606,direct
204,广东省,Guangdong,河源市,河源,地级市,441600,Heyuan,河源市,Heyuan,23.7437,114.7007,heyuan,prefecture-heyuan,592930,CHN_GD_Heyuan.592930_TMYx.2011-2025.zip,Heyuan,23.7935,114.7309,direct
205,广东省,Guangdong,阳江市,阳江,地级市,441700,Yangjiang,阳江市,Yangjiang,21.8584,111.9816,yangjiang,prefecture-yangjiang,596630,CHN_GD_Yangjiang.596630_TMYx.2011-2025.zip,Yangjiang,21.8457,111.9779,direct
206,广东省,Guangdong,清远市,清远,地级市,441800,Qingyuan,清远市,Qingyuan,23.682,113.056,qingyuan,prefecture-qingyuan,592870,CHN_GD_Guangzhou.592870_TMYx.2011-2025.zip,广州,23.2099,113.4822,city_alias_fallback
207,广东省,Guangdong,东莞市,东莞,地级市,441900,Dongguan,东莞市,Dongguan,23.021,113.7517,dongguan,prefecture-dongguan,592870,CHN_GD_Guangzhou.592870_TMYx.2011-2025.zip,广州,23.2099,113.4822,city_alias_fallback
208,广东省,Guangdong,中山市,中山,地级市,442000,Zhongshan,中山市,Zhongshan,22.51666667,113.38333333,zhongshan,prefecture-zhongshan,592870,CHN_GD_Guangzhou.592870_TMYx.2011-2025.zip,广州,23.2099,113.4822,city_alias_fallback
209,广东省,Guangdong,潮州市,潮州,地级市,445100,Chaozhou,潮州市,Chaozhou,23.66666667,116.63333333,chaozhou,prefecture-chaozhou,593160,CHN_GD_Shantou.593160_TMYx.2011-2025.zip,Shantou,23.3853,116.6792,city_alias_fallback
210,广东省,Guangdong,揭阳市,揭阳,地级市,445200,Jieyang,揭阳市,Jieyang,23.5487,116.3723,jieyang,prefecture-jieyang,593160,CHN_GD_Shantou.593160_TMYx.2011-2025.zip,Shantou,23.3853,116.6792,city_alias_fallback
211,广东省,Guangdong,云浮市,云浮,地级市,445300,Yunfu,云浮市,Yunfu,22.9155,112.0447,yunfu,prefecture-yunfu,592870,CHN_GD_Guangzhou.592870_TMYx.2011-2025.zip,广州,23.2099,113.4822,city_alias_fallback
212,广西壮族自治区,Guangxi,南宁市,南宁,地级市,450100,Nanning,南宁市,Nanning,22.8161,108.3664,nanning,prefecture-nanning,594310,CHN_GX_Nanning.594310_TMYx.2011-2025.zip,南宁,22.784,108.5472,direct
213,广西壮族自治区,Guangxi,柳州市,柳州,地级市,450200,Liuzhou,柳州市,Liuzhou,24.3262,109.4284,liuzhou,prefecture-liuzhou,590460,CHN_GX_Liuzhou.590460_TMYx.2011-2025.zip,Liuzhou,24.3628,109.46,direct
214,广西壮族自治区,Guangxi,桂林市,桂林,地级市,450300,Guilin,桂林市,Guilin,25.2344,110.1799,guilin,prefecture-guilin,579570,CHN_GX_Guilin.579570_TMYx.2011-2025.zip,Guilin,25.3226,110.3046,direct
215,广西壮族自治区,Guangxi,梧州市,梧州,地级市,450400,Wuzhou,梧州市,Wuzhou,23.4771,111.2788,wuzhou,prefecture-wuzhou,592650,CHN_GX_Wuzhou.592650_TMYx.2011-2025.zip,Wuzhou,23.4783,111.3037,direct
216,广西壮族自治区,Guangxi,北海市,北海,地级市,450500,Beihai,北海市,Beihai,21.4811,109.1205,beihai,prefecture-beihai,596440,CHN_GX_Beihai.596440_TMYx.2011-2025.zip,Beihai,21.4566,109.1363,direct
217,广西壮族自治区,Guangxi,防城港市,防城港,地级市,450600,Fangchenggang,防城港市,Fangchenggang,21.6868,108.3538,fangchenggang,prefecture-fangchenggang,594310,CHN_GX_Nanning.594310_TMYx.2011-2025.zip,南宁,22.784,108.5472,province_capital_fallback
218,广西壮族自治区,Guangxi,钦州市,钦州,地级市,450700,Qinzhou,钦州市,Qinzhou,21.98,108.654,qinzhou,prefecture-qinzhou,596320,CHN_GX_Qinzhou.596320_TMYx.2011-2025.zip,Qinzhou,21.9498,108.6138,direct
219,广西壮族自治区,Guangxi,贵港市,贵港,地级市,450800,Guigang,贵港市,Guigang,23.1115,109.5987,guigang,prefecture-guigang,594310,CHN_GX_Nanning.594310_TMYx.2011-2025.zip,南宁,22.784,108.5472,province_capital_fallback
220,广西壮族自治区,Guangxi,玉林市,玉林,地级市,450900,Yulin,玉林市,"Yulin, Guangxi",22.654,110.1811,yulin-guangxi,prefecture-yulin-guangxi,594310,CHN_GX_Nanning.594310_TMYx.2011-2025.zip,南宁,22.784,108.5472,province_capital_fallback
221,广西壮族自治区,Guangxi,百色市,百色,地级市,451000,Baise,百色市,Baise,23.9025,106.6182,baise,prefecture-baise,592110,CHN_GX_Baise.592110_TMYx.2011-2025.zip,Baise,23.9029,106.6065,direct
222,广西壮族自治区,Guangxi,贺州市,贺州,地级市,451100,Hezhou,贺州市,Hezhou,,,hezhou,prefecture-hezhou,594310,CHN_GX_Nanning.594310_TMYx.2011-2025.zip,南宁,22.784,108.5472,province_capital_fallback
223,广西壮族自治区,Guangxi,河池市,河池,地级市,451200,Hechi,河池市,Hechi,24.6929,108.0852,hechi,prefecture-hechi,590230,CHN_GX_Hechi.590230_TMYx.2011-2025.zip,Hechi,24.6939,108.0392,direct
224,广西壮族自治区,Guangxi,来宾市,来宾,地级市,451300,Laibin,来宾市,Laibin,23.7503,109.2213,laibin,prefecture-laibin,594310,CHN_GX_Nanning.594310_TMYx.2011-2025.zip,南宁,22.784,108.5472,province_capital_fallback
225,广西壮族自治区,Guangxi,崇左市,崇左,地级市,451400,Chongzuo,崇左市,Chongzuo,22.3772,107.3651,chongzuo,prefecture-chongzuo,594310,CHN_GX_Nanning.594310_TMYx.2011-2025.zip,南宁,22.784,108.5472,province_capital_fallback
226,海南省,Hainan,海口市,海口,地级市,460100,Haikou,海口市,Haikou,20.05,110.16666667,haikou,prefecture-haikou,597580,CHN_HI_Haikou.597580_TMYx.2011-2025.zip,Haikou,19.9938,110.2469,direct
227,海南省,Hainan,三亚市,三亚,地级市,460200,Sanya,三亚市,Sanya,18.2527,109.5111,sanya,prefecture-sanya,574941,CHN_HI_Sanya-Phoenix.Intl.AP.574941_TMYx.2011-2025.zip,Sanya,18.303,109.412,direct_quality_override
228,海南省,Hainan,三沙市,三沙,地级市,460300,Sansha,三沙市,Sansha,16.83416667,112.3375,sansha,prefecture-sansha,597580,CHN_HI_Haikou.597580_TMYx.2011-2025.zip,Haikou,19.9938,110.2469,province_capital_fallback
229,海南省,Hainan,儋州市,儋州,地级市,460400,Danzhou,儋州市,Danzhou,19.521,109.581,danzhou,prefecture-danzhou,597580,CHN_HI_Haikou.597580_TMYx.2011-2025.zip,Haikou,19.9938,110.2469,province_capital_fallback
230,四川省,Sichuan,成都市,成都,地级市,510100,Chengdu,成都市,Chengdu,30.65833333,104.06444444,chengdu,prefecture-chengdu,562940,CHN_SC_Chengdu-Shuangliu.AP.562940_TMYx.2011-2025.zip,成都,30.579,103.947,direct
231,四川省,Sichuan,自贡市,自贡,地级市,510300,Zigong,自贡市,Zigong,29.3386,104.7778,zigong,prefecture-zigong,562940,CHN_SC_Chengdu-Shuangliu.AP.562940_TMYx.2011-2025.zip,成都,30.579,103.947,city_alias_fallback
232,四川省,Sichuan,攀枝花市,攀枝花,地级市,510400,Panzhihua,攀枝花市,Panzhihua,26.5817,101.7183,panzhihua,prefecture-panzhihua,562940,CHN_SC_Chengdu-Shuangliu.AP.562940_TMYx.2011-2025.zip,成都,30.579,103.947,city_alias_fallback
233,四川省,Sichuan,泸州市,泸州,地级市,510500,Luzhou,泸州市,Luzhou,28.8712,105.4409,luzhou,prefecture-luzhou,576020,CHN_SC_Luzhou.576020_TMYx.zip,Luzhou,28.883,105.433,direct
234,四川省,Sichuan,德阳市,德阳,地级市,510600,Deyang,德阳市,Deyang,31.1271,104.3976,deyang,prefecture-deyang,562940,CHN_SC_Chengdu-Shuangliu.AP.562940_TMYx.2011-2025.zip,成都,30.579,103.947,city_alias_fallback
235,四川省,Sichuan,绵阳市,绵阳,地级市,510700,Mianyang,绵阳市,Mianyang,31.467,104.6779,mianyang,prefecture-mianyang,561960,CHN_SC_Mianyang.561960_TMYx.2011-2025.zip,绵阳,31.424,104.749,direct
236,四川省,Sichuan,广元市,广元,地级市,510800,Guangyuan,广元市,Guangyuan,32.4354,105.843,guangyuan,prefecture-guangyuan,572060,CHN_SC_Guangyuan.572060_TMYx.zip,Guangyuan,32.433,105.8,direct
237,四川省,Sichuan,遂宁市,遂宁,地级市,510900,Suining,遂宁市,Suining,30.5333,105.5923,suining,prefecture-suining,574050,CHN_SC_Suining.574050_TMYx.zip,Suining,30.5,105.583,direct
238,四川省,Sichuan,内江市,内江,地级市,511000,Neijiang,内江市,Neijiang,29.5801,105.0581,neijiang,prefecture-neijiang,575030,CHN_SC_Neijiang.575030_TMYx.2011-2025.zip,Neijiang,29.6198,105.1186,direct
239,四川省,Sichuan,乐山市,乐山,地级市,511100,Leshan,乐山市,Leshan,29.55194444,103.76555556,leshan,prefecture-leshan,563860,CHN_SC_Leshan.563860_TMYx.zip,Leshan,29.567,103.767,direct
240,四川省,Sichuan,南充市,南充,地级市,511300,Nanchong,南充市,Nanchong,30.8377,106.1087,nanchong,prefecture-nanchong,574110,CHN_SC_Gaoping-Nanchong.574110_TMYx.2011-2025.zip,Gaoping,30.7456,106.1319,direct
241,四川省,Sichuan,眉山市,眉山,地级市,511400,Meishan,眉山市,Meishan,30.0768,103.8479,meishan,prefecture-meishan,562940,CHN_SC_Chengdu-Shuangliu.AP.562940_TMYx.2011-2025.zip,成都,30.579,103.947,city_alias_fallback
242,四川省,Sichuan,宜宾市,宜宾,地级市,511500,Yibin,宜宾市,Yibin,28.7522,104.6423,yibin,prefecture-yibin,564920,CHN_SC_Yibin.564920_TMYx.2011-2025.zip,Yibin,28.7688,104.605,direct
243,四川省,Sichuan,广安市,广安,地级市,511600,Guang'an,广安市,Guang'an,30.4553,106.633,guangan,prefecture-guangan,562940,CHN_SC_Chengdu-Shuangliu.AP.562940_TMYx.2011-2025.zip,成都,30.579,103.947,city_alias_fallback
244,四川省,Sichuan,达州市,达州,地级市,511700,Dazhou,达州市,Dazhou,31.2088,107.4676,dazhou,prefecture-dazhou,562940,CHN_SC_Chengdu-Shuangliu.AP.562940_TMYx.2011-2025.zip,成都,30.579,103.947,city_alias_fallback
245,四川省,Sichuan,雅安市,雅安,地级市,511800,Ya'an,雅安市,Ya'an,29.9805,103.0128,yaan,prefecture-yaan,562870,CHN_SC_Ya-an.562870_TMYx.2011-2025.zip,Ya,29.983,102.9966,direct
246,四川省,Sichuan,巴中市,巴中,地级市,511900,Bazhong,巴中市,Bazhong,31.868,106.7473,bazhong,prefecture-bazhong,573130,CHN_SC_Bazhong.573130_TMYx.zip,Bazhong,31.8628,106.7454,direct
247,四川省,Sichuan,资阳市,资阳,地级市,512000,Ziyang,资阳市,Ziyang,30.1289,104.6278,ziyang,prefecture-ziyang,562940,CHN_SC_Chengdu-Shuangliu.AP.562940_TMYx.2011-2025.zip,成都,30.579,103.947,city_alias_fallback
248,四川省,Sichuan,阿坝藏族羌族自治州,阿坝藏族羌族,自治州,513200,Ngawa Tibetan and Qiang Autonomous Prefecture,阿坝藏族羌族自治州,Ngawa Tibetan and Qiang Autonomous Prefecture,31.8994,102.2247,ngawa-tibetan-and-qiang-autonomous-prefecture,prefecture-ngawa-tibetan-and-qiang-autonomous-prefecture,562940,CHN_SC_Chengdu-Shuangliu.AP.562940_TMYx.2011-2025.zip,成都,30.579,103.947,province_capital_fallback
249,四川省,Sichuan,甘孜藏族自治州,甘孜藏族,自治州,513300,Garzê Tibetan Autonomous Prefecture,甘孜藏族自治州,Garzê Tibetan Autonomous Prefecture,30.0495,101.9624,garze-tibetan-autonomous-prefecture,prefecture-garze-tibetan-autonomous-prefecture,563740,CHN_SC_Kangding.563740_TMYx.2011-2025.zip,Kangding,30.0548,101.9605,direct_quality_override
250,四川省,Sichuan,凉山彝族自治州,凉山彝族,自治州,513400,Liangshan Yi Autonomous Prefecture,凉山彝族自治州,Liangshan Yi Autonomous Prefecture,27.8817,102.2676,liangshan-yi-autonomous-prefecture,prefecture-liangshan-yi-autonomous-prefecture,565710,CHN_SC_Liangshan-Xichang.565710_TMYx.2011-2025.zip,Liangshan,27.9035,102.2678,direct
251,贵州省,Guizhou,贵阳市,贵阳,地级市,520100,Guiyang,贵阳市,Guiyang,26.57305556,106.70611111,guiyang,prefecture-guiyang,578160,CHN_GZ_Guiyang.578160_TMYx.2011-2025.zip,Guiyang,26.5897,106.7276,direct
252,贵州省,Guizhou,六盘水市,六盘水,地级市,520200,Liupanshui,六盘水市,Liupanshui,26.5925,104.8303,liupanshui,prefecture-liupanshui,578160,CHN_GZ_Guiyang.578160_TMYx.2011-2025.zip,Guiyang,26.5897,106.7276,city_alias_fallback
253,贵州省,Guizhou,遵义市,遵义,地级市,520300,Zunyi,遵义市,Zunyi,27.7255,106.9274,zunyi,prefecture-zunyi,577130,CHN_GZ_Zunyi.577130_CSWD.zip,Zunyi,27.7,106.8833,city_alias_fallback
254,贵州省,Guizhou,安顺市,安顺,地级市,520400,Anshun,安顺市,Anshun,26.2531,105.9476,anshun,prefecture-anshun,578060,CHN_GZ_Anshun.578060_TMYx.zip,Anshun,26.267,105.967,direct
255,贵州省,Guizhou,毕节市,毕节,地级市,520500,Bijie,毕节市,Bijie,27.2828,105.2917,bijie,prefecture-bijie,577070,CHN_GZ_Bijie.577070_TMYx.2011-2025.zip,Bijie,27.2975,105.2885,direct
256,贵州省,Guizhou,铜仁市,铜仁,地级市,520600,Tongren,铜仁市,Tongren,27.7316,109.1895,tongren,prefecture-tongren,578160,CHN_GZ_Guiyang.578160_TMYx.2011-2025.zip,Guiyang,26.5897,106.7276,city_alias_fallback
257,贵州省,Guizhou,黔西南布依族苗族自治州,黔西南布依族苗族,自治州,522300,Qianxinan Buyei and Miao Autonomous Prefecture,黔西南布依族苗族自治州,Qianxinan Buyei and Miao Autonomous Prefecture,25.0884,104.9064,qianxinan-buyei-and-miao-autonomous-prefecture,prefecture-qianxinan-buyei-and-miao-autonomous-prefecture,578160,CHN_GZ_Guiyang.578160_TMYx.2011-2025.zip,Guiyang,26.5897,106.7276,province_capital_fallback
258,贵州省,Guizhou,黔东南苗族侗族自治州,黔东南苗族侗族,自治州,522600,Qiandongnan Miao and Dong Autonomous Prefecture,黔东南苗族侗族自治州,Qiandongnan Miao and Dong Autonomous Prefecture,26.5838,107.9828,qiandongnan-miao-and-dong-autonomous-prefecture,prefecture-qiandongnan-miao-and-dong-autonomous-prefecture,578160,CHN_GZ_Guiyang.578160_TMYx.2011-2025.zip,Guiyang,26.5897,106.7276,province_capital_fallback
259,贵州省,Guizhou,黔南布依族苗族自治州,黔南布依族苗族,自治州,522700,Qiannan Buyei and Miao Autonomous Prefecture,黔南布依族苗族自治州,Qiannan Buyei and Miao Autonomous Prefecture,26.254,107.522,qiannan-buyei-and-miao-autonomous-prefecture,prefecture-qiannan-buyei-and-miao-autonomous-prefecture,578160,CHN_GZ_Guiyang.578160_TMYx.2011-2025.zip,Guiyang,26.5897,106.7276,province_capital_fallback
260,云南省,Yunnan,昆明市,昆明,地级市,530100,Kunming,昆明市,Kunming,,,kunming,prefecture-kunming,567780,CHN_YN_Kunming-Wujiaba.AP.567780_TMYx.2011-2025.zip,昆明,24.992,102.744,direct
261,云南省,Yunnan,曲靖市,曲靖,地级市,530300,Qujing,曲靖市,Qujing,,,qujing,prefecture-qujing,567780,CHN_YN_Kunming-Wujiaba.AP.567780_TMYx.2011-2025.zip,昆明,24.992,102.744,city_alias_fallback
262,云南省,Yunnan,玉溪市,玉溪,地级市,530400,Yuxi,玉溪市,Yuxi,24.3473,102.5272,yuxi,prefecture-yuxi,568750,CHN_YN_Yuxi.568750_TMYx.zip,Yuxi,24.45,102.567,direct
263,云南省,Yunnan,保山市,保山,地级市,530500,Baoshan,保山市,"Baoshan, Yunnan",25.112,99.1617,baoshan,prefecture-baoshan,567480,CHN_YN_Baoshan.567480_TMYx.2011-2025.zip,Baoshan,25.1234,99.1825,direct
264,云南省,Yunnan,昭通市,昭通,地级市,530600,Zhaotong,昭通市,Zhaotong,27.3384,103.7175,zhaotong,prefecture-zhaotong,565860,CHN_YN_Zhaotong.565860_TMYx.2011-2025.zip,Zhaotong,27.3517,103.7189,direct
265,云南省,Yunnan,丽江市,丽江,地级市,530700,Lijiang,丽江市,Lijiang,26.8548,100.2274,lijiang,prefecture-lijiang,566510,CHN_YN_Lijiang.566510_TMYx.2011-2025.zip,Lijiang,26.8476,100.218,direct
266,云南省,Yunnan,普洱市,普洱,地级市,530800,Pu'er City,普洱市,Pu'er City,22.8251,100.9665,puer-city,prefecture-puer-city,567780,CHN_YN_Kunming-Wujiaba.AP.567780_TMYx.2011-2025.zip,昆明,24.992,102.744,city_alias_fallback
267,云南省,Yunnan,临沧市,临沧,地级市,530900,Lincang,临沧市,Lincang,23.8841,100.0889,lincang,prefecture-lincang,569510,CHN_YN_Lincang.569510_TMYx.2011-2025.zip,Lincang,23.8814,100.0898,direct
268,云南省,Yunnan,楚雄彝族自治州,楚雄彝族,自治州,532300,Chuxiong Yi Autonomous Prefecture,楚雄彝族自治州,Chuxiong Yi Autonomous Prefecture,25.0455,101.5281,chuxiong-yi-autonomous-prefecture,prefecture-chuxiong-yi-autonomous-prefecture,567680,CHN_YN_Chuxiong.567680_TMYx.2011-2025.zip,Chuxiong,25.0346,101.5541,direct
269,云南省,Yunnan,红河哈尼族彝族自治州,红河哈尼族彝族,自治州,532500,Honghe Hani and Yi Autonomous Prefecture,红河哈尼族彝族自治州,Honghe Hani and Yi Autonomous Prefecture,23.3627,103.375,honghe-hani-and-yi-autonomous-prefecture,prefecture-honghe-hani-and-yi-autonomous-prefecture,569850,CHN_YN_Honghe-Mengzi.569850_TMYx.2011-2025.zip,Honghe,23.4444,103.3278,direct
270,云南省,Yunnan,文山壮族苗族自治州,文山壮族苗族,自治州,532600,Wenshan Zhuang and Miao Autonomous Prefecture,文山壮族苗族自治州,Wenshan Zhuang and Miao Autonomous Prefecture,23.4007,104.2162,wenshan-zhuang-and-miao-autonomous-prefecture,prefecture-wenshan-zhuang-and-miao-autonomous-prefecture,569940,CHN_YN_Wenshan.569940_TMYx.zip,Wenshan,23.3669,104.3826,direct
271,云南省,Yunnan,西双版纳傣族自治州,西双版纳傣族,自治州,532800,Xishuangbanna Dai Autonomous Prefecture,西双版纳傣族自治州,Xishuangbanna Dai Autonomous Prefecture,22.0087,100.7969,xishuangbanna-dai-autonomous-prefecture,prefecture-xishuangbanna-dai-autonomous-prefecture,569590,CHN_YN_Xishuangbanna-Jinghong.569590_TMYx.2011-2025.zip,Xishuangbanna,22.0127,100.7822,direct
272,云南省,Yunnan,大理白族自治州,大理白族,自治州,532900,Dali Bai Autonomous Prefecture,大理白族自治州,Dali Bai Autonomous Prefecture,25.6096,100.2664,dali-bai-autonomous-prefecture,prefecture-dali-bai-autonomous-prefecture,567510,CHN_YN_Dali.567510_TMYx.2011-2025.zip,Dali,25.7075,100.1767,direct
273,云南省,Yunnan,德宏傣族景颇族自治州,德宏傣族景颇族,自治州,533100,Dehong Dai and Jingpo Autonomous Prefecture,德宏傣族景颇族自治州,Dehong Dai and Jingpo Autonomous Prefecture,24.4334,98.5848,dehong-dai-and-jingpo-autonomous-prefecture,prefecture-dehong-dai-and-jingpo-autonomous-prefecture,567780,CHN_YN_Kunming-Wujiaba.AP.567780_TMYx.2011-2025.zip,昆明,24.992,102.744,province_capital_fallback
274,云南省,Yunnan,怒江傈僳族自治州,怒江傈僳族,自治州,533300,Nujiang Lisu Autonomous Prefecture,怒江傈僳族自治州,Nujiang Lisu Autonomous Prefecture,25.8176,98.8565,nujiang-lisu-autonomous-prefecture,prefecture-nujiang-lisu-autonomous-prefecture,567780,CHN_YN_Kunming-Wujiaba.AP.567780_TMYx.2011-2025.zip,昆明,24.992,102.744,province_capital_fallback
275,云南省,Yunnan,迪庆藏族自治州,迪庆藏族,自治州,533400,Diqing Tibetan Autonomous Prefecture,迪庆藏族自治州,Diqing Tibetan Autonomous Prefecture,27.8187,99.7022,diqing-tibetan-autonomous-prefecture,prefecture-diqing-tibetan-autonomous-prefecture,567780,CHN_YN_Kunming-Wujiaba.AP.567780_TMYx.2011-2025.zip,昆明,24.992,102.744,province_capital_fallback
276,西藏自治区,Tibet,拉萨市,拉萨,地级市,540100,Lhasa,拉萨市,Lhasa (prefecture-level city),29.64944444,91.09833333,lhasa,prefecture-lhasa,555910,CHN_XJ_Lhasa.555910_TMYx.2011-2025.zip,Lhasa,29.6586,91.1353,direct
277,西藏自治区,Tibet,日喀则市,日喀则,地级市,540200,Shigatse,日喀则市,Shigatse,,,shigatse,prefecture-shigatse,555910,CHN_XJ_Lhasa.555910_TMYx.2011-2025.zip,Lhasa,29.6586,91.1353,city_alias_fallback
278,西藏自治区,Tibet,昌都市,昌都,地级市,540300,Chamdo,昌都市,Chamdo,,,chamdo,prefecture-chamdo,555910,CHN_XJ_Lhasa.555910_TMYx.2011-2025.zip,Lhasa,29.6586,91.1353,city_alias_fallback
279,西藏自治区,Tibet,林芝市,林芝,地级市,540400,Nyingchi,林芝市,Nyingchi,,,nyingchi,prefecture-nyingchi,563120,CHN_XJ_Nyingchi.563120_TMYx.2011-2025.zip,Nyingchi,29.6475,94.3605,city_alias_fallback
280,西藏自治区,Tibet,山南市,山南,地级市,540500,Shannan,山南市,"Shannan, Tibet",,,shannan,prefecture-shannan,555910,CHN_XJ_Lhasa.555910_TMYx.2011-2025.zip,Lhasa,29.6586,91.1353,city_alias_fallback
281,西藏自治区,Tibet,那曲市,那曲,地级市,540600,Nagqu,那曲市,Nagqu,31.47815278,92.04845556,nagqu,prefecture-nagqu,552990,CHN_XJ_Nagqu.552990_TMYx.2011-2025.zip,Nagqu,31.4795,92.0612,direct
282,西藏自治区,Tibet,阿里地区,阿里,地区,542500,Ngari Prefecture,阿里地区,Ngari Prefecture,,,ngari-prefecture,prefecture-ngari-prefecture,552280,CHN_XJ_Ngari.552280_TMYx.2011-2025.zip,Ngari,32.5,80.0833,direct
283,陕西省,Shaanxi,西安市,西安,地级市,610100,Xi'an,西安市,Xi'an,34.25916667,108.94527778,xian,prefecture-xian,570360,CHN_SN_Xian.570360_CSWD.zip,西安,34.447,108.752,direct
284,陕西省,Shaanxi,铜川市,铜川,地级市,610200,Tongchuan,铜川市,Tongchuan,34.8979,108.9448,tongchuan,prefecture-tongchuan,539470,CHN_SN_Tongchuan.539470_TMYx.zip,Tongchuan,35.083,109.067,direct
285,陕西省,Shaanxi,宝鸡市,宝鸡,地级市,610300,Baoji,宝鸡市,Baoji,34.3632,107.2378,baoji,prefecture-baoji,570160,CHN_SN_Baoji.570160_TMYx.zip,Baoji,34.3524,107.1289,direct
286,陕西省,Shaanxi,咸阳市,咸阳,地级市,610400,Xianyang,咸阳市,Xianyang,34.3296,108.7091,xianyang,prefecture-xianyang,570360,CHN_SN_Xianyang.AP.570360_TMYx.2011-2025.zip,西安,34.447,108.752,direct
287,陕西省,Shaanxi,渭南市,渭南,地级市,610500,Weinan,渭南市,Weinan,34.4993,109.5031,weinan,prefecture-weinan,570360,CHN_SN_Xian.570360_CSWD.zip,西安,34.447,108.752,city_alias_fallback
288,陕西省,Shaanxi,延安市,延安,地级市,610600,Yan'an,延安市,Yan'an,36.5855,109.4897,yanan,prefecture-yanan,538450,CHN_SN_Yan-An.538450_TMYx.2011-2025.zip,Yan,36.5757,109.4498,direct
289,陕西省,Shaanxi,汉中市,汉中,地级市,610700,Hanzhong,汉中市,Hanzhong,33.0675,107.0233,hanzhong,prefecture-hanzhong,571270,CHN_SN_Hanzhong.571270_TMYx.2011-2025.zip,Hanzhong,33.0677,107.0403,direct
290,陕西省,Shaanxi,榆林市,榆林,地级市,610800,Yulin,榆林市,"Yulin, Shaanxi",38.2854,109.7347,yulin-shaanxi,prefecture-yulin-shaanxi,536460,CHN_SN_Yulin.536460_TMYx.2011-2025.zip,Yulin,38.2687,109.7804,city_alias_fallback
291,陕西省,Shaanxi,安康市,安康,地级市,610900,Ankang,安康市,Ankang,32.6847,109.029,ankang,prefecture-ankang,572450,CHN_SN_Ankang.572450_TMYx.2011-2025.zip,Ankang,32.6934,109.0417,direct
292,陕西省,Shaanxi,商洛市,商洛,地级市,611000,Shangluo,商洛市,Shangluo,33.8704,109.9405,shangluo,prefecture-shangluo,570360,CHN_SN_Xian.570360_CSWD.zip,西安,34.447,108.752,city_alias_fallback
293,甘肃省,Gansu,兰州市,兰州,地级市,620100,Lanzhou,兰州市,Lanzhou,36.061,103.832,lanzhou,prefecture-lanzhou,528890,CHN_GS_Lanzhou.528890_TMYx.2011-2025.zip,Lanzhou,36.05,103.883,direct
294,甘肃省,Gansu,嘉峪关市,嘉峪关,地级市,620200,Jiayuguan City,嘉峪关市,Jiayuguan City,39.7721,98.2888,jiayuguan-city,prefecture-jiayuguan-city,528890,CHN_GS_Lanzhou.528890_TMYx.2011-2025.zip,Lanzhou,36.05,103.883,province_capital_fallback
295,甘肃省,Gansu,金昌市,金昌,地级市,620300,Jinchang,金昌市,Jinchang,38.52,102.187,jinchang,prefecture-jinchang,526740,CHN_GS_Jinchang.526740_TMYx.zip,Jinchang,38.467,102.183,direct
296,甘肃省,Gansu,白银市,白银,地级市,620400,Baiyin,白银市,Baiyin,36.545,104.138,baiyin,prefecture-baiyin,528890,CHN_GS_Lanzhou.528890_TMYx.2011-2025.zip,Lanzhou,36.05,103.883,city_alias_fallback
297,甘肃省,Gansu,天水市,天水,地级市,620500,Tianshui,天水市,Tianshui,34.576,105.709,tianshui,prefecture-tianshui,570060,CHN_GS_Tianshui.570060_TMYx.zip,Tianshui,34.577,105.752,direct
298,甘肃省,Gansu,武威市,武威,地级市,620600,Wuwei,武威市,"Wuwei, Gansu",37.928,102.641,wuwei,prefecture-wuwei,528890,CHN_GS_Lanzhou.528890_TMYx.2011-2025.zip,Lanzhou,36.05,103.883,city_alias_fallback
299,甘肃省,Gansu,张掖市,张掖,地级市,620700,Zhangye,张掖市,Zhangye,38.931,100.453,zhangye,prefecture-zhangye,526520,CHN_GS_Zhangye.526520_TMYx.2011-2025.zip,Zhangye,39.0795,100.275,direct
300,甘肃省,Gansu,平凉市,平凉,地级市,620800,Pingliang,平凉市,Pingliang,35.544,106.665,pingliang,prefecture-pingliang,539150,CHN_GS_Pingliang.539150_TMYx.2011-2025.zip,Pingliang,35.5311,106.66,direct
301,甘肃省,Gansu,酒泉市,酒泉,地级市,620900,Jiuquan,酒泉市,Jiuquan,39.734,98.494,jiuquan,prefecture-jiuquan,525330,CHN_GS_Jiuquan.Suzhou.525330_TMYx.2011-2025.zip,苏州,39.7667,98.4833,direct
302,甘肃省,Gansu,庆阳市,庆阳,地级市,621000,Qingyang,庆阳市,"Qingyang, Gansu",35.739,107.632,qingyang,prefecture-qingyang,528890,CHN_GS_Lanzhou.528890_TMYx.2011-2025.zip,Lanzhou,36.05,103.883,city_alias_fallback
303,甘肃省,Gansu,定西市,定西,地级市,621100,Dingxi,定西市,Dingxi,35.583,104.626,dingxi,prefecture-dingxi,528890,CHN_GS_Lanzhou.528890_TMYx.2011-2025.zip,Lanzhou,36.05,103.883,city_alias_fallback
304,甘肃省,Gansu,陇南市,陇南,地级市,621200,Longnan,陇南市,Longnan,33.401,104.922,longnan,prefecture-longnan,560960,CHN_GS_Longnan-Wudu.560960_TMYx.2011-2025.zip,Longnan,33.4025,104.9175,direct
305,甘肃省,Gansu,临夏回族自治州,临夏回族,自治州,622900,Linxia Hui Autonomous Prefecture,临夏回族自治州,Linxia Hui Autonomous Prefecture,35.601,103.211,linxia-hui-autonomous-prefecture,prefecture-linxia-hui-autonomous-prefecture,529840,CHN_GS_Linxia.529840_TMYx.zip,Linxia,35.492,102.9952,direct
306,甘肃省,Gansu,甘南藏族自治州,甘南藏族,自治州,623000,Gannan Tibetan Autonomous Prefecture,甘南藏族自治州,Gannan Tibetan Autonomous Prefecture,34.983,102.911,gannan-tibetan-autonomous-prefecture,prefecture-gannan-tibetan-autonomous-prefecture,528890,CHN_GS_Lanzhou.528890_TMYx.2011-2025.zip,Lanzhou,36.05,103.883,province_capital_fallback
307,青海省,Qinghai,西宁市,西宁,地级市,630100,Xining,西宁市,Xining,36.6169,101.7781,xining,prefecture-xining,528660,CHN_QH_Xining.528660_TMYx.2011-2025.zip,Xining,36.6644,101.7331,direct
308,青海省,Qinghai,海东市,海东,地级市,630200,Haidong,海东市,Haidong,36.502,102.1045,haidong,prefecture-haidong,528660,CHN_QH_Xining.528660_TMYx.2011-2025.zip,Xining,36.6644,101.7331,city_alias_fallback
309,青海省,Qinghai,海北藏族自治州,海北藏族,自治州,632200,Haibei Tibetan Autonomous Prefecture,海北藏族自治州,Haibei Tibetan Autonomous Prefecture,36.9545,100.9006,haibei-tibetan-autonomous-prefecture,prefecture-haibei-tibetan-autonomous-prefecture,528660,CHN_QH_Xining.528660_TMYx.2011-2025.zip,Xining,36.6644,101.7331,province_capital_fallback
310,青海省,Qinghai,黄南藏族自治州,黄南藏族,自治州,632300,Huangnan Tibetan Autonomous Prefecture,黄南藏族自治州,Huangnan Tibetan Autonomous Prefecture,35.5196,102.015,huangnan-tibetan-autonomous-prefecture,prefecture-huangnan-tibetan-autonomous-prefecture,528660,CHN_QH_Xining.528660_TMYx.2011-2025.zip,Xining,36.6644,101.7331,province_capital_fallback
311,青海省,Qinghai,海南藏族自治州,海南藏族,自治州,632500,Hainan Tibetan Autonomous Prefecture,海南藏族自治州,Hainan Tibetan Autonomous Prefecture,36.2967,100.6227,hainan-tibetan-autonomous-prefecture,prefecture-hainan-tibetan-autonomous-prefecture,528660,CHN_QH_Xining.528660_TMYx.2011-2025.zip,Xining,36.6644,101.7331,province_capital_fallback
312,青海省,Qinghai,果洛藏族自治州,果洛藏族,自治州,632600,Golog Tibetan Autonomous Prefecture,果洛藏族自治州,Golog Tibetan Autonomous Prefecture,34.4715,100.2447,golog-tibetan-autonomous-prefecture,prefecture-golog-tibetan-autonomous-prefecture,528660,CHN_QH_Xining.528660_TMYx.2011-2025.zip,Xining,36.6644,101.7331,province_capital_fallback
313,青海省,Qinghai,玉树藏族自治州,玉树藏族,自治州,632700,Yushu Tibetan Autonomous Prefecture,玉树藏族自治州,Yushu Tibetan Autonomous Prefecture,33.012,97.092,yushu-tibetan-autonomous-prefecture,prefecture-yushu-tibetan-autonomous-prefecture,560290,CHN_QH_Yushu.560290_TMYx.2011-2025.zip,Yushu,33.0014,96.9642,direct
314,青海省,Qinghai,海西蒙古族藏族自治州,海西蒙古族藏族,自治州,632800,Haixi Mongol and Tibetan Autonomous Prefecture,海西蒙古族藏族自治州,Haixi Mongol and Tibetan Autonomous Prefecture,37.377,97.369,haixi-mongol-and-tibetan-autonomous-prefecture,prefecture-haixi-mongol-and-tibetan-autonomous-prefecture,527370,CHN_QH_Haixi.Delingha.527370_TMYx.2011-2025.zip,Haixi,37.3745,97.3757,direct
315,宁夏回族自治区,Ningxia,银川市,银川,地级市,640100,Yinchuan,银川市,Yinchuan,38.4874,106.2308,yinchuan,prefecture-yinchuan,536140,CHN_NX_Yinchuan.536140_TMYx.2011-2025.zip,Yinchuan,38.4714,106.2078,direct
316,宁夏回族自治区,Ningxia,石嘴山市,石嘴山,地级市,640200,Shizuishan,石嘴山市,Shizuishan,38.9833,106.3828,shizuishan,prefecture-shizuishan,535190,CHN_NX_Shizuishan-Dawukou.535190_TMYx.zip,Shizuishan,39.05,106.4,direct
317,宁夏回族自治区,Ningxia,吴忠市,吴忠,地级市,640300,Wuzhong,吴忠市,"Wuzhong, Ningxia",37.9975,106.1984,wuzhong,prefecture-wuzhong,536140,CHN_NX_Yinchuan.536140_TMYx.2011-2025.zip,Yinchuan,38.4714,106.2078,city_alias_fallback
318,宁夏回族自治区,Ningxia,固原市,固原,地级市,640400,Guyuan,固原市,Guyuan,36.0159,106.2426,guyuan,prefecture-guyuan,538170,CHN_NX_Guyuan.538170_TMYx.zip,Guyuan,36.017,106.283,direct
319,宁夏回族自治区,Ningxia,中卫市,中卫,地级市,640500,Zhongwei,中卫市,Zhongwei,37.5,105.1967,zhongwei,prefecture-zhongwei,536140,CHN_NX_Yinchuan.536140_TMYx.2011-2025.zip,Yinchuan,38.4714,106.2078,city_alias_fallback
320,新疆维吾尔自治区,Xinjiang,乌鲁木齐市,乌鲁木齐,地级市,650100,Ürümqi,乌鲁木齐市,Ürümqi,43.71666667,87.63333333,urumqi,prefecture-urumqi,514635,CHN_XZ_Urumqi-Diwopu.AP.514635_TMYx.2011-2025.zip,乌鲁木齐,43.907,87.474,direct
321,新疆维吾尔自治区,Xinjiang,克拉玛依市,克拉玛依,地级市,650200,Karamay,克拉玛依市,Karamay,45.57913,84.88666,karamay,prefecture-karamay,512430,CHN_XZ_Karamay.512430_TMYx.2011-2025.zip,Karamay,45.6101,84.8454,city_alias_fallback
322,新疆维吾尔自治区,Xinjiang,吐鲁番市,吐鲁番,地级市,650400,Turpan,吐鲁番市,Turpan,42.96361111,89.18527778,turpan,prefecture-turpan,515730,CHN_XZ_Turpan.515730_TMYx.2011-2025.zip,Turpan,42.95,89.2297,city_alias_fallback
323,新疆维吾尔自治区,Xinjiang,哈密市,哈密,地级市,650500,Hami,哈密市,Hami,,,hami,prefecture-hami,522030,CHN_XZ_Hami-Kumul.522030_TMYx.2011-2025.zip,Hami,42.8167,93.5167,city_alias_fallback
324,新疆维吾尔自治区,Xinjiang,昌吉回族自治州,昌吉回族,自治州,652300,Changji Hui Autonomous Prefecture,昌吉回族自治州,Changji Hui Autonomous Prefecture,,,changji-hui-autonomous-prefecture,prefecture-changji-hui-autonomous-prefecture,514635,CHN_XZ_Urumqi-Diwopu.AP.514635_TMYx.2011-2025.zip,乌鲁木齐,43.907,87.474,province_capital_fallback
325,新疆维吾尔自治区,Xinjiang,博尔塔拉蒙古自治州,博尔塔拉蒙古,自治州,652700,Bortala Mongol Autonomous Prefecture,博尔塔拉蒙古自治州,Bortala Mongol Autonomous Prefecture,,,bortala-mongol-autonomous-prefecture,prefecture-bortala-mongol-autonomous-prefecture,513300,CHN_XZ_Bortala.513300_TMYx.zip,Bortala,44.917,82.067,direct
326,新疆维吾尔自治区,Xinjiang,巴音郭楞蒙古自治州,巴音郭楞蒙古,自治州,652800,Bayingolin Mongol Autonomous Prefecture,巴音郭楞蒙古自治州,Bayingolin Mongol Autonomous Prefecture,,,bayingolin-mongol-autonomous-prefecture,prefecture-bayingolin-mongol-autonomous-prefecture,514635,CHN_XZ_Urumqi-Diwopu.AP.514635_TMYx.2011-2025.zip,乌鲁木齐,43.907,87.474,province_capital_fallback
327,新疆维吾尔自治区,Xinjiang,阿克苏地区,阿克苏,地区,652900,Aksu Prefecture,阿克苏地区,Aksu Prefecture,41.16666667,80.25,aksu-prefecture,prefecture-aksu-prefecture,514635,CHN_XZ_Urumqi-Diwopu.AP.514635_TMYx.2011-2025.zip,乌鲁木齐,43.907,87.474,province_capital_fallback
328,新疆维吾尔自治区,Xinjiang,克孜勒苏柯尔克孜自治州,克孜勒苏柯尔克孜,自治州,653000,Kizilsu Kyrgyz Autonomous Prefecture,克孜勒苏柯尔克孜自治州,Kizilsu Kyrgyz Autonomous Prefecture,39.7146,76.1678,kizilsu-kyrgyz-autonomous-prefecture,prefecture-kizilsu-kyrgyz-autonomous-prefecture,514635,CHN_XZ_Urumqi-Diwopu.AP.514635_TMYx.2011-2025.zip,乌鲁木齐,43.907,87.474,province_capital_fallback
329,新疆维吾尔自治区,Xinjiang,喀什地区,喀什,地区,653100,Kashgar Prefecture,喀什地区,Kashgar Prefecture,,,kashgar-prefecture,prefecture-kashgar-prefecture,514635,CHN_XZ_Urumqi-Diwopu.AP.514635_TMYx.2011-2025.zip,乌鲁木齐,43.907,87.474,province_capital_fallback
330,新疆维吾尔自治区,Xinjiang,和田地区,和田,地区,653200,Hotan Prefecture,和田地区,Hotan Prefecture,,,hotan-prefecture,prefecture-hotan-prefecture,518280,CHN_XZ_Hotan.518280_TMYx.2011-2025.zip,Hotan,37.1333,79.9333,direct
331,新疆维吾尔自治区,Xinjiang,伊犁哈萨克自治州,伊犁哈萨克,自治州,654000,Ili Kazakh Autonomous Prefecture,伊犁哈萨克自治州,Ili Kazakh Autonomous Prefecture,,,ili-kazakh-autonomous-prefecture,prefecture-ili-kazakh-autonomous-prefecture,514635,CHN_XZ_Urumqi-Diwopu.AP.514635_TMYx.2011-2025.zip,乌鲁木齐,43.907,87.474,province_capital_fallback
332,新疆维吾尔自治区,Xinjiang,塔城地区,塔城,地区,654200,Tacheng Prefecture,塔城地区,Tacheng Prefecture,,,tacheng-prefecture,prefecture-tacheng-prefecture,511330,CHN_XZ_Tacheng.511330_TMYx.2011-2025.zip,Tacheng,46.732,82.9798,direct
333,新疆维吾尔自治区,Xinjiang,阿勒泰地区,阿勒泰,地区,654300,Altay Prefecture,阿勒泰地区,Altay Prefecture,,,altay-prefecture,prefecture-altay-prefecture,510760,CHN_XZ_Altay.AP.510760_TMYx.2011-2025.zip,Altay,47.741,88.071,direct
334,北京市,Beijing,北京市,北京,直辖市,110000,Beijing,北京市,Beijing,39.9042,116.4074,beijing,prefecture-beijing,545110,CHN_BJ_Beijing-Capital.Intl.AP.545110_TMYx.2011-2025.zip,北京,40.08,116.585,direct
335,天津市,Tianjin,天津市,天津,直辖市,120000,Tianjin,天津市,Tianjin,39.0842,117.2009,tianjin,prefecture-tianjin,545270,CHN_TJ_Tianjin.545270_TMYx.2011-2025.zip,天津,39.0812,117.0525,direct
336,上海市,Shanghai,上海市,上海,直辖市,310000,Shanghai,上海市,Shanghai,31.2304,121.4737,shanghai,prefecture-shanghai,583620,CHN_SH_Shanghai-Baoshan.583620_TMYx.2011-2025.zip,上海,31.3908,121.4447,direct
337,重庆市,Chongqing,重庆市,重庆,直辖市,500000,Chongqing,重庆市,Chongqing,29.4316,106.9123,chongqing,prefecture-chongqing,575160,CHN_CQ_Chongqing.575160_TMYx.2011-2025.zip,重庆,29.5758,106.4609,direct
338,香港特别行政区,Hong Kong,香港,香港,特别行政区,810000,Hong Kong,香港,Hong Kong,22.3193,114.1694,hong-kong,prefecture-hong-kong,450070,HKG_HKI_Hong.Kong.Intl.AP.450070_TMYx.2011-2025.zip,Hong,22.30944,113.9219,direct
339,澳门特别行政区,Macau,澳门,澳门,特别行政区,820000,Macau,澳门,Macau,22.1987,113.5439,macau,prefecture-macau,450110,MAC_MA_Macau.Intl.AP.450110_TMYx.2011-2025.zip,澳门,22.1595,113.568,direct
