index,province_zh,province_en,city_zh,city_short_zh,city_en,wiki_title_zh,wiki_title_en,lat,lon,slug,catalog_id,source_station_wmo,source_station_file,source_station_name,source_station_lat,source_station_lon,station_match_quality
1,河北省,Hebei,石家庄市,石家庄,Shijiazhuang,石家庄市,Shijiazhuang,38.044,114.5139,shijiazhuang,prefecture-shijiazhuang,536980,CHN_HE_Shijiazhuang.536980_TMYx.2011-2025.zip,Shijiazhuang,38.0733,114.3513,direct
2,河北省,Hebei,唐山市,唐山,Tangshan,唐山市,Tangshan,39.631,118.179,tangshan,prefecture-tangshan,545340,CHN_HE_Tangshan.545340_TMYx.2011-2025.zip,Tangshan,39.5816,118.0931,direct
3,河北省,Hebei,秦皇岛市,秦皇岛,Qinhuangdao,秦皇岛市,Qinhuangdao,39.936,119.6,qinhuangdao,prefecture-qinhuangdao,545270,CHN_TJ_Tianjin.545270_TMYx.2011-2025.zip,Tianjin,39.0812,117.0525,city_alias_fallback
4,河北省,Hebei,邯郸市,邯郸,Handan,邯郸市,Handan,36.6258,114.5388,handan,prefecture-handan,536980,CHN_HE_Shijiazhuang.536980_TMYx.2011-2025.zip,Shijiazhuang,38.0733,114.3513,province_capital_fallback
5,河北省,Hebei,邢台市,邢台,Xingtai,邢台市,Xingtai,37.07,114.505,xingtai,prefecture-xingtai,537980,CHN_HE_Xingtai.537980_TMYx.2011-2025.zip,Xingtai,37.1808,114.3589,direct
6,河北省,Hebei,保定市,保定,Baoding,保定市,Baoding,38.8745,115.4645,baoding,prefecture-baoding,546020,CHN_HE_Baoding.546020_TMYx.2011-2025.zip,Baoding,38.7373,115.4776,direct
7,河北省,Hebei,张家口市,张家口,Zhangjiakou,张家口市,Zhangjiakou,40.7675,114.8858,zhangjiakou,prefecture-zhangjiakou,544010,CHN_HE_Zhangjiakou.544010_TMYx.2011-2025.zip,Zhangjiakou,40.7694,114.9194,direct
8,河北省,Hebei,承德市,承德,Chengde,承德市,Chengde,40.953,117.963,chengde,prefecture-chengde,544230,CHN_HE_Chengde.544230_TMYx.2011-2025.zip,Chengde,40.9726,117.9247,direct
9,河北省,Hebei,沧州市,沧州,Cangzhou,沧州市,Cangzhou,38.3045,116.8386,cangzhou,prefecture-cangzhou,546160,CHN_HE_Cangzhou.546160_TMYx.zip,Cangzhou,38.333,116.833,direct
10,河北省,Hebei,廊坊市,廊坊,Langfang,廊坊市,Langfang,39.538,116.684,langfang,prefecture-langfang,545110,CHN_BJ_Beijing.545110_CSWD.zip,Beijing-Capital.Intl.AP,40.08,116.585,city_alias_fallback
11,河北省,Hebei,衡水市,衡水,衡水,衡水市,,,,city-hebei,prefecture-city-hebei,536980,CHN_HE_Shijiazhuang.536980_TMYx.2011-2025.zip,Shijiazhuang,38.0733,114.3513,city_alias_fallback
12,山西省,Shanxi,太原市,太原,太原,太原市,,,,city-shanxi,prefecture-city-shanxi,537720,CHN_SX_Taiyuan.537720_TMYx.2011-2025.zip,Taiyuan,37.6206,112.5764,province_capital_fallback
13,山西省,Shanxi,大同市,大同,大同,大同市,,,,city-shanxi-2,prefecture-city-shanxi-2,537720,CHN_SX_Taiyuan.537720_TMYx.2011-2025.zip,Taiyuan,37.6206,112.5764,province_capital_fallback
14,山西省,Shanxi,阳泉市,阳泉,阳泉,阳泉市,,,,city-shanxi-3,prefecture-city-shanxi-3,537720,CHN_SX_Taiyuan.537720_TMYx.2011-2025.zip,Taiyuan,37.6206,112.5764,city_alias_fallback
15,山西省,Shanxi,长治市,长治,长治,长治市,,,,city-shanxi-4,prefecture-city-shanxi-4,537720,CHN_SX_Taiyuan.537720_TMYx.2011-2025.zip,Taiyuan,37.6206,112.5764,city_alias_fallback
16,山西省,Shanxi,晋城市,晋城,晋城,晋城市,,,,city-shanxi-5,prefecture-city-shanxi-5,537720,CHN_SX_Taiyuan.537720_TMYx.2011-2025.zip,Taiyuan,37.6206,112.5764,city_alias_fallback
17,山西省,Shanxi,朔州市,朔州,朔州,朔州市,,,,city-shanxi-6,prefecture-city-shanxi-6,534870,CHN_SX_Datong.534870_TMYx.2011-2025.zip,Datong,40.0787,113.4116,city_alias_fallback
18,山西省,Shanxi,晋中市,晋中,晋中,晋中市,,,,city-shanxi-7,prefecture-city-shanxi-7,537720,CHN_SX_Taiyuan.537720_TMYx.2011-2025.zip,Taiyuan,37.6206,112.5764,city_alias_fallback
19,山西省,Shanxi,运城市,运城,运城,运城市,,,,city-shanxi-8,prefecture-city-shanxi-8,537720,CHN_SX_Taiyuan.537720_TMYx.2011-2025.zip,Taiyuan,37.6206,112.5764,city_alias_fallback
20,山西省,Shanxi,忻州市,忻州,忻州,忻州市,,,,city-shanxi-9,prefecture-city-shanxi-9,537720,CHN_SX_Taiyuan.537720_TMYx.2011-2025.zip,Taiyuan,37.6206,112.5764,city_alias_fallback
21,山西省,Shanxi,临汾市,临汾,临汾,临汾市,,,,city-shanxi-10,prefecture-city-shanxi-10,537720,CHN_SX_Taiyuan.537720_TMYx.2011-2025.zip,Taiyuan,37.6206,112.5764,city_alias_fallback
22,山西省,Shanxi,吕梁市,吕梁,吕梁,吕梁市,,,,city-shanxi-11,prefecture-city-shanxi-11,537720,CHN_SX_Taiyuan.537720_TMYx.2011-2025.zip,Taiyuan,37.6206,112.5764,city_alias_fallback
23,内蒙古自治区,Inner Mongolia,呼和浩特市,呼和浩特,呼和浩特,呼和浩特市,,,,city-inner-mongolia,prefecture-city-inner-mongolia,534630,CHN_NM_Hohhot.534630_CSWD.zip,Hohhot,40.81667,111.6833,province_capital_fallback
24,内蒙古自治区,Inner Mongolia,包头市,包头,包头,包头市,,,,city-inner-mongolia-2,prefecture-city-inner-mongolia-2,534630,CHN_NM_Hohhot.534630_CSWD.zip,Hohhot,40.81667,111.6833,province_capital_fallback
25,内蒙古自治区,Inner Mongolia,乌海市,乌海,乌海,乌海市,,,,city-inner-mongolia-3,prefecture-city-inner-mongolia-3,534630,CHN_NM_Hohhot.534630_CSWD.zip,Hohhot,40.81667,111.6833,city_alias_fallback
26,内蒙古自治区,Inner Mongolia,赤峰市,赤峰,赤峰,赤峰市,,,,city-inner-mongolia-4,prefecture-city-inner-mongolia-4,534630,CHN_NM_Hohhot.534630_CSWD.zip,Hohhot,40.81667,111.6833,city_alias_fallback
27,内蒙古自治区,Inner Mongolia,通辽市,通辽,通辽,通辽市,,,,city-inner-mongolia-5,prefecture-city-inner-mongolia-5,534630,CHN_NM_Hohhot.534630_CSWD.zip,Hohhot,40.81667,111.6833,city_alias_fallback
28,内蒙古自治区,Inner Mongolia,鄂尔多斯市,鄂尔多斯,鄂尔多斯,鄂尔多斯市,,,,city-inner-mongolia-6,prefecture-city-inner-mongolia-6,534630,CHN_NM_Hohhot.534630_CSWD.zip,Hohhot,40.81667,111.6833,city_alias_fallback
29,内蒙古自治区,Inner Mongolia,呼伦贝尔市,呼伦贝尔,呼伦贝尔,呼伦贝尔市,,,,city-inner-mongolia-7,prefecture-city-inner-mongolia-7,534630,CHN_NM_Hohhot.534630_CSWD.zip,Hohhot,40.81667,111.6833,city_alias_fallback
30,内蒙古自治区,Inner Mongolia,巴彦淖尔市,巴彦淖尔,巴彦淖尔,巴彦淖尔市,,,,city-inner-mongolia-8,prefecture-city-inner-mongolia-8,534630,CHN_NM_Hohhot.534630_CSWD.zip,Hohhot,40.81667,111.6833,city_alias_fallback
31,内蒙古自治区,Inner Mongolia,乌兰察布市,乌兰察布,乌兰察布,乌兰察布市,,,,city-inner-mongolia-9,prefecture-city-inner-mongolia-9,534630,CHN_NM_Hohhot.534630_CSWD.zip,Hohhot,40.81667,111.6833,city_alias_fallback
32,辽宁省,Liaoning,沈阳市,沈阳,沈阳,沈阳市,,,,city-liaoning,prefecture-city-liaoning,543420,CHN_LN_Shenyang.543420_TMYx.2011-2025.zip,Shenyang,41.7325,123.5099,province_capital_fallback
33,辽宁省,Liaoning,大连市,大连,大连,大连市,,,,city-liaoning-2,prefecture-city-liaoning-2,543420,CHN_LN_Shenyang.543420_TMYx.2011-2025.zip,Shenyang,41.7325,123.5099,province_capital_fallback
34,辽宁省,Liaoning,鞍山市,鞍山,鞍山,鞍山市,,,,city-liaoning-3,prefecture-city-liaoning-3,543420,CHN_LN_Shenyang.543420_TMYx.2011-2025.zip,Shenyang,41.7325,123.5099,province_capital_fallback
35,辽宁省,Liaoning,抚顺市,抚顺,抚顺,抚顺市,,,,city-liaoning-4,prefecture-city-liaoning-4,543420,CHN_LN_Shenyang.543420_TMYx.2011-2025.zip,Shenyang,41.7325,123.5099,city_alias_fallback
36,辽宁省,Liaoning,本溪市,本溪,本溪,本溪市,,,,city-liaoning-5,prefecture-city-liaoning-5,543420,CHN_LN_Shenyang.543420_TMYx.2011-2025.zip,Shenyang,41.7325,123.5099,city_alias_fallback
37,辽宁省,Liaoning,丹东市,丹东,丹东,丹东市,,,,city-liaoning-6,prefecture-city-liaoning-6,543420,CHN_LN_Shenyang.543420_TMYx.2011-2025.zip,Shenyang,41.7325,123.5099,city_alias_fallback
38,辽宁省,Liaoning,锦州市,锦州,锦州,锦州市,,,,city-liaoning-7,prefecture-city-liaoning-7,543420,CHN_LN_Shenyang.543420_TMYx.2011-2025.zip,Shenyang,41.7325,123.5099,city_alias_fallback
39,辽宁省,Liaoning,营口市,营口,营口,营口市,,,,city-liaoning-8,prefecture-city-liaoning-8,543420,CHN_LN_Shenyang.543420_TMYx.2011-2025.zip,Shenyang,41.7325,123.5099,city_alias_fallback
40,辽宁省,Liaoning,阜新市,阜新,阜新,阜新市,,,,city-liaoning-9,prefecture-city-liaoning-9,543420,CHN_LN_Shenyang.543420_TMYx.2011-2025.zip,Shenyang,41.7325,123.5099,city_alias_fallback
41,辽宁省,Liaoning,辽阳市,辽阳,辽阳,辽阳市,,,,city-liaoning-10,prefecture-city-liaoning-10,543420,CHN_LN_Shenyang.543420_TMYx.2011-2025.zip,Shenyang,41.7325,123.5099,city_alias_fallback
42,辽宁省,Liaoning,盘锦市,盘锦,盘锦,盘锦市,,,,city-liaoning-11,prefecture-city-liaoning-11,543420,CHN_LN_Shenyang.543420_TMYx.2011-2025.zip,Shenyang,41.7325,123.5099,city_alias_fallback
43,辽宁省,Liaoning,铁岭市,铁岭,铁岭,铁岭市,,,,city-liaoning-12,prefecture-city-liaoning-12,543420,CHN_LN_Shenyang.543420_TMYx.2011-2025.zip,Shenyang,41.7325,123.5099,city_alias_fallback
44,辽宁省,Liaoning,朝阳市,朝阳,朝阳,朝阳市,,,,city-liaoning-13,prefecture-city-liaoning-13,543420,CHN_LN_Shenyang.543420_TMYx.2011-2025.zip,Shenyang,41.7325,123.5099,city_alias_fallback
45,辽宁省,Liaoning,葫芦岛市,葫芦岛,葫芦岛,葫芦岛市,,,,city-liaoning-14,prefecture-city-liaoning-14,543420,CHN_LN_Shenyang.543420_TMYx.2011-2025.zip,Shenyang,41.7325,123.5099,city_alias_fallback
46,吉林省,Jilin,长春市,长春,长春,长春市,,,,city-jilin,prefecture-city-jilin,541610,CHN_JL_Changchun.541610_TMYx.2011-2025.zip,Changchun,43.901,125.209,province_capital_fallback
47,吉林省,Jilin,吉林市,吉林,吉林,吉林市,,,,city-jilin-2,prefecture-city-jilin-2,541610,CHN_JL_Changchun.541610_TMYx.2011-2025.zip,Changchun,43.901,125.209,province_capital_fallback
48,吉林省,Jilin,四平市,四平,四平,四平市,,,,city-jilin-3,prefecture-city-jilin-3,541610,CHN_JL_Changchun.541610_TMYx.2011-2025.zip,Changchun,43.901,125.209,city_alias_fallback
49,吉林省,Jilin,辽源市,辽源,辽源,辽源市,,,,city-jilin-4,prefecture-city-jilin-4,541610,CHN_JL_Changchun.541610_TMYx.2011-2025.zip,Changchun,43.901,125.209,city_alias_fallback
50,吉林省,Jilin,通化市,通化,通化,通化市,,,,city-jilin-5,prefecture-city-jilin-5,541610,CHN_JL_Changchun.541610_TMYx.2011-2025.zip,Changchun,43.901,125.209,city_alias_fallback
51,吉林省,Jilin,白山市,白山,白山,白山市,,,,city-jilin-6,prefecture-city-jilin-6,541610,CHN_JL_Changchun.541610_TMYx.2011-2025.zip,Changchun,43.901,125.209,city_alias_fallback
52,吉林省,Jilin,松原市,松原,松原,松原市,,,,city-jilin-7,prefecture-city-jilin-7,541610,CHN_JL_Changchun.541610_TMYx.2011-2025.zip,Changchun,43.901,125.209,city_alias_fallback
53,吉林省,Jilin,白城市,白城,白城,白城市,,,,city-jilin-8,prefecture-city-jilin-8,541610,CHN_JL_Changchun.541610_TMYx.2011-2025.zip,Changchun,43.901,125.209,city_alias_fallback
54,黑龙江省,Heilongjiang,哈尔滨市,哈尔滨,哈尔滨,哈尔滨市,,,,city-heilongjiang,prefecture-city-heilongjiang,509530,CHN_HL_Harbin.509530_TMYx.2011-2025.zip,Harbin,45.934,126.581,province_capital_fallback
55,黑龙江省,Heilongjiang,齐齐哈尔市,齐齐哈尔,齐齐哈尔,齐齐哈尔市,,,,city-heilongjiang-2,prefecture-city-heilongjiang-2,509530,CHN_HL_Harbin.509530_TMYx.2011-2025.zip,Harbin,45.934,126.581,city_alias_fallback
56,黑龙江省,Heilongjiang,鸡西市,鸡西,鸡西,鸡西市,,,,city-heilongjiang-3,prefecture-city-heilongjiang-3,509530,CHN_HL_Harbin.509530_TMYx.2011-2025.zip,Harbin,45.934,126.581,city_alias_fallback
57,黑龙江省,Heilongjiang,鹤岗市,鹤岗,鹤岗,鹤岗市,,,,city-heilongjiang-4,prefecture-city-heilongjiang-4,509530,CHN_HL_Harbin.509530_TMYx.2011-2025.zip,Harbin,45.934,126.581,city_alias_fallback
58,黑龙江省,Heilongjiang,双鸭山市,双鸭山,双鸭山,双鸭山市,,,,city-heilongjiang-5,prefecture-city-heilongjiang-5,509530,CHN_HL_Harbin.509530_TMYx.2011-2025.zip,Harbin,45.934,126.581,city_alias_fallback
59,黑龙江省,Heilongjiang,大庆市,大庆,大庆,大庆市,,,,city-heilongjiang-6,prefecture-city-heilongjiang-6,509530,CHN_HL_Harbin.509530_TMYx.2011-2025.zip,Harbin,45.934,126.581,city_alias_fallback
60,黑龙江省,Heilongjiang,伊春市,伊春,伊春,伊春市,,,,city-heilongjiang-7,prefecture-city-heilongjiang-7,509530,CHN_HL_Harbin.509530_TMYx.2011-2025.zip,Harbin,45.934,126.581,city_alias_fallback
61,黑龙江省,Heilongjiang,佳木斯市,佳木斯,佳木斯,佳木斯市,,,,city-heilongjiang-8,prefecture-city-heilongjiang-8,509530,CHN_HL_Harbin.509530_TMYx.2011-2025.zip,Harbin,45.934,126.581,city_alias_fallback
62,黑龙江省,Heilongjiang,七台河市,七台河,七台河,七台河市,,,,city-heilongjiang-9,prefecture-city-heilongjiang-9,509530,CHN_HL_Harbin.509530_TMYx.2011-2025.zip,Harbin,45.934,126.581,city_alias_fallback
63,黑龙江省,Heilongjiang,牡丹江市,牡丹江,牡丹江,牡丹江市,,,,city-heilongjiang-10,prefecture-city-heilongjiang-10,509530,CHN_HL_Harbin.509530_TMYx.2011-2025.zip,Harbin,45.934,126.581,city_alias_fallback
64,黑龙江省,Heilongjiang,黑河市,黑河,黑河,黑河市,,,,city-heilongjiang-11,prefecture-city-heilongjiang-11,509530,CHN_HL_Harbin.509530_TMYx.2011-2025.zip,Harbin,45.934,126.581,city_alias_fallback
65,黑龙江省,Heilongjiang,绥化市,绥化,绥化,绥化市,,,,city-heilongjiang-12,prefecture-city-heilongjiang-12,509530,CHN_HL_Harbin.509530_TMYx.2011-2025.zip,Harbin,45.934,126.581,city_alias_fallback
66,江苏省,Jiangsu,南京市,南京,南京,南京市,,,,city-jiangsu,prefecture-city-jiangsu,582380,CHN_JS_Nanjing.582380_TMYx.2011-2025.zip,Nanjing,31.9316,118.8996,province_capital_fallback
67,江苏省,Jiangsu,无锡市,无锡,无锡,无锡市,,,,city-jiangsu-2,prefecture-city-jiangsu-2,583580,CHN_JS_Suzhou.583580_TMYx.zip,Suzhou,31.267,120.617,city_alias_fallback
68,江苏省,Jiangsu,徐州市,徐州,徐州,徐州市,,,,city-jiangsu-3,prefecture-city-jiangsu-3,582380,CHN_JS_Nanjing.582380_TMYx.2011-2025.zip,Nanjing,31.9316,118.8996,province_capital_fallback
69,江苏省,Jiangsu,常州市,常州,常州,常州市,,,,city-jiangsu-4,prefecture-city-jiangsu-4,582380,CHN_JS_Nanjing.582380_TMYx.2011-2025.zip,Nanjing,31.9316,118.8996,province_capital_fallback
70,江苏省,Jiangsu,苏州市,苏州,苏州,苏州市,,,,city-jiangsu-5,prefecture-city-jiangsu-5,583580,CHN_JS_Suzhou.583580_TMYx.zip,Suzhou,31.267,120.617,city_alias_fallback
71,江苏省,Jiangsu,南通市,南通,南通,南通市,,,,city-jiangsu-6,prefecture-city-jiangsu-6,582380,CHN_JS_Nanjing.582380_TMYx.2011-2025.zip,Nanjing,31.9316,118.8996,province_capital_fallback
72,江苏省,Jiangsu,连云港市,连云港,连云港,连云港市,,,,city-jiangsu-7,prefecture-city-jiangsu-7,580270,CHN_JS_Xuzhou.580270_TMYx.2011-2025.zip,Xuzhou,34.2871,117.1587,city_alias_fallback
73,江苏省,Jiangsu,淮安市,淮安,淮安,淮安市,,,,city-jiangsu-8,prefecture-city-jiangsu-8,582380,CHN_JS_Nanjing.582380_TMYx.2011-2025.zip,Nanjing,31.9316,118.8996,city_alias_fallback
74,江苏省,Jiangsu,盐城市,盐城,盐城,盐城市,,,,city-jiangsu-9,prefecture-city-jiangsu-9,582380,CHN_JS_Nanjing.582380_TMYx.2011-2025.zip,Nanjing,31.9316,118.8996,province_capital_fallback
75,江苏省,Jiangsu,扬州市,扬州,扬州,扬州市,,,,city-jiangsu-10,prefecture-city-jiangsu-10,582380,CHN_JS_Nanjing.582380_TMYx.2011-2025.zip,Nanjing,31.9316,118.8996,city_alias_fallback
76,江苏省,Jiangsu,镇江市,镇江,镇江,镇江市,,,,city-jiangsu-11,prefecture-city-jiangsu-11,582380,CHN_JS_Nanjing.582380_TMYx.2011-2025.zip,Nanjing,31.9316,118.8996,city_alias_fallback
77,江苏省,Jiangsu,泰州市,泰州,泰州,泰州市,,,,city-jiangsu-12,prefecture-city-jiangsu-12,582380,CHN_JS_Nanjing.582380_TMYx.2011-2025.zip,Nanjing,31.9316,118.8996,city_alias_fallback
78,江苏省,Jiangsu,宿迁市,宿迁,宿迁,宿迁市,,,,city-jiangsu-13,prefecture-city-jiangsu-13,580270,CHN_JS_Xuzhou.580270_TMYx.2011-2025.zip,Xuzhou,34.2871,117.1587,city_alias_fallback
79,浙江省,Zhejiang,杭州市,杭州,杭州,杭州市,,,,city-zhejiang,prefecture-city-zhejiang,584570,CHN_ZJ_Hangzhou.584570_TMYx.2011-2025.zip,Hangzhou,30.2259,120.1649,province_capital_fallback
80,浙江省,Zhejiang,宁波市,宁波,宁波,宁波市,,,,city-zhejiang-2,prefecture-city-zhejiang-2,584570,CHN_ZJ_Hangzhou.584570_TMYx.2011-2025.zip,Hangzhou,30.2259,120.1649,province_capital_fallback
81,浙江省,Zhejiang,温州市,温州,温州,温州市,,,,city-zhejiang-3,prefecture-city-zhejiang-3,584570,CHN_ZJ_Hangzhou.584570_TMYx.2011-2025.zip,Hangzhou,30.2259,120.1649,province_capital_fallback
82,浙江省,Zhejiang,嘉兴市,嘉兴,嘉兴,嘉兴市,,,,city-zhejiang-4,prefecture-city-zhejiang-4,584570,CHN_ZJ_Hangzhou.584570_TMYx.2011-2025.zip,Hangzhou,30.2259,120.1649,city_alias_fallback
83,浙江省,Zhejiang,湖州市,湖州,湖州,湖州市,,,,city-zhejiang-5,prefecture-city-zhejiang-5,584570,CHN_ZJ_Hangzhou.584570_TMYx.2011-2025.zip,Hangzhou,30.2259,120.1649,city_alias_fallback
84,浙江省,Zhejiang,绍兴市,绍兴,绍兴,绍兴市,,,,city-zhejiang-6,prefecture-city-zhejiang-6,584570,CHN_ZJ_Hangzhou.584570_TMYx.2011-2025.zip,Hangzhou,30.2259,120.1649,city_alias_fallback
85,浙江省,Zhejiang,金华市,金华,金华,金华市,,,,city-zhejiang-7,prefecture-city-zhejiang-7,585540,CHN_ZJ_Yi.Wu.585540_TMYx.zip,Yi.Wu,29.35,120.017,city_alias_fallback
86,浙江省,Zhejiang,衢州市,衢州,衢州,衢州市,,,,city-zhejiang-8,prefecture-city-zhejiang-8,584570,CHN_ZJ_Hangzhou.584570_TMYx.2011-2025.zip,Hangzhou,30.2259,120.1649,city_alias_fallback
87,浙江省,Zhejiang,舟山市,舟山,舟山,舟山市,,,,city-zhejiang-9,prefecture-city-zhejiang-9,585620,CHN_ZJ_Ningbo.585620_TMYx.zip,Ningbo,29.917,121.467,city_alias_fallback
88,浙江省,Zhejiang,台州市,台州,台州,台州市,,,,city-zhejiang-10,prefecture-city-zhejiang-10,585620,CHN_ZJ_Ningbo.585620_TMYx.zip,Ningbo,29.917,121.467,city_alias_fallback
89,浙江省,Zhejiang,丽水市,丽水,丽水,丽水市,,,,city-zhejiang-11,prefecture-city-zhejiang-11,586590,CHN_ZJ_Wenzhou.586590_TMYx.2007-2021.zip,Wenzhou,28.017,120.667,city_alias_fallback
90,安徽省,Anhui,合肥市,合肥,合肥,合肥市,,,,city-anhui,prefecture-city-anhui,583210,CHN_AH_Hefei.583210_TMYx.2011-2025.zip,Hefei,31.9555,117.0574,province_capital_fallback
91,安徽省,Anhui,芜湖市,芜湖,芜湖,芜湖市,,,,city-anhui-2,prefecture-city-anhui-2,583210,CHN_AH_Hefei.583210_TMYx.2011-2025.zip,Hefei,31.9555,117.0574,province_capital_fallback
92,安徽省,Anhui,蚌埠市,蚌埠,蚌埠,蚌埠市,,,,city-anhui-3,prefecture-city-anhui-3,583210,CHN_AH_Hefei.583210_TMYx.2011-2025.zip,Hefei,31.9555,117.0574,province_capital_fallback
93,安徽省,Anhui,淮南市,淮南,淮南,淮南市,,,,city-anhui-4,prefecture-city-anhui-4,583210,CHN_AH_Hefei.583210_TMYx.2011-2025.zip,Hefei,31.9555,117.0574,province_capital_fallback
94,安徽省,Anhui,马鞍山市,马鞍山,马鞍山,马鞍山市,,,,city-anhui-5,prefecture-city-anhui-5,583210,CHN_AH_Hefei.583210_TMYx.2011-2025.zip,Hefei,31.9555,117.0574,province_capital_fallback
95,安徽省,Anhui,淮北市,淮北,淮北,淮北市,,,,city-anhui-6,prefecture-city-anhui-6,583210,CHN_AH_Hefei.583210_TMYx.2011-2025.zip,Hefei,31.9555,117.0574,province_capital_fallback
96,安徽省,Anhui,铜陵市,铜陵,铜陵,铜陵市,,,,city-anhui-7,prefecture-city-anhui-7,583210,CHN_AH_Hefei.583210_TMYx.2011-2025.zip,Hefei,31.9555,117.0574,province_capital_fallback
97,安徽省,Anhui,安庆市,安庆,安庆,安庆市,,,,city-anhui-8,prefecture-city-anhui-8,583210,CHN_AH_Hefei.583210_TMYx.2011-2025.zip,Hefei,31.9555,117.0574,province_capital_fallback
98,安徽省,Anhui,黄山市,黄山,黄山,黄山市,,,,city-anhui-9,prefecture-city-anhui-9,583210,CHN_AH_Hefei.583210_TMYx.2011-2025.zip,Hefei,31.9555,117.0574,province_capital_fallback
99,安徽省,Anhui,滁州市,滁州,滁州,滁州市,,,,city-anhui-10,prefecture-city-anhui-10,583210,CHN_AH_Hefei.583210_TMYx.2011-2025.zip,Hefei,31.9555,117.0574,province_capital_fallback
100,安徽省,Anhui,阜阳市,阜阳,阜阳,阜阳市,,,,city-anhui-11,prefecture-city-anhui-11,583210,CHN_AH_Hefei.583210_TMYx.2011-2025.zip,Hefei,31.9555,117.0574,province_capital_fallback
101,安徽省,Anhui,宿州市,宿州,宿州,宿州市,,,,city-anhui-12,prefecture-city-anhui-12,583210,CHN_AH_Hefei.583210_TMYx.2011-2025.zip,Hefei,31.9555,117.0574,province_capital_fallback
102,安徽省,Anhui,六安市,六安,六安,六安市,,,,city-anhui-13,prefecture-city-anhui-13,583210,CHN_AH_Hefei.583210_TMYx.2011-2025.zip,Hefei,31.9555,117.0574,province_capital_fallback
103,安徽省,Anhui,亳州市,亳州,亳州,亳州市,,,,city-anhui-14,prefecture-city-anhui-14,583210,CHN_AH_Hefei.583210_TMYx.2011-2025.zip,Hefei,31.9555,117.0574,province_capital_fallback
104,安徽省,Anhui,池州市,池州,池州,池州市,,,,city-anhui-15,prefecture-city-anhui-15,583210,CHN_AH_Hefei.583210_TMYx.2011-2025.zip,Hefei,31.9555,117.0574,province_capital_fallback
105,安徽省,Anhui,宣城市,宣城,宣城,宣城市,,,,city-anhui-16,prefecture-city-anhui-16,583210,CHN_AH_Hefei.583210_TMYx.2011-2025.zip,Hefei,31.9555,117.0574,province_capital_fallback
106,福建省,Fujian,福州市,福州,福州,福州市,,,,city-fujian,prefecture-city-fujian,588470,CHN_FJ_Fuzhou.588470_TMYx.2011-2025.zip,Fuzhou,26.0776,119.289,province_capital_fallback
107,福建省,Fujian,厦门市,厦门,厦门,厦门市,,,,city-fujian-2,prefecture-city-fujian-2,588470,CHN_FJ_Fuzhou.588470_TMYx.2011-2025.zip,Fuzhou,26.0776,119.289,province_capital_fallback
108,福建省,Fujian,莆田市,莆田,莆田,莆田市,,,,city-fujian-3,prefecture-city-fujian-3,588470,CHN_FJ_Fuzhou.588470_TMYx.2011-2025.zip,Fuzhou,26.0776,119.289,city_alias_fallback
109,福建省,Fujian,三明市,三明,三明,三明市,,,,city-fujian-4,prefecture-city-fujian-4,588470,CHN_FJ_Fuzhou.588470_TMYx.2011-2025.zip,Fuzhou,26.0776,119.289,city_alias_fallback
110,福建省,Fujian,泉州市,泉州,泉州,泉州市,,,,city-fujian-5,prefecture-city-fujian-5,583212,CHN_FJ_Jinjiang.AP.583212_TMYx.2011-2025.zip,Jinjiang.AP,24.796,118.59,city_alias_fallback
111,福建省,Fujian,漳州市,漳州,漳州,漳州市,,,,city-fujian-6,prefecture-city-fujian-6,591340,CHN_FJ_Xiamen.591340_TMYx.2011-2025.zip,Xiamen,24.486,118.0798,city_alias_fallback
112,福建省,Fujian,南平市,南平,南平,南平市,,,,city-fujian-7,prefecture-city-fujian-7,588470,CHN_FJ_Fuzhou.588470_TMYx.2011-2025.zip,Fuzhou,26.0776,119.289,city_alias_fallback
113,福建省,Fujian,龙岩市,龙岩,龙岩,龙岩市,,,,city-fujian-8,prefecture-city-fujian-8,591340,CHN_FJ_Xiamen.591340_TMYx.2011-2025.zip,Xiamen,24.486,118.0798,city_alias_fallback
114,福建省,Fujian,宁德市,宁德,宁德,宁德市,,,,city-fujian-9,prefecture-city-fujian-9,588470,CHN_FJ_Fuzhou.588470_TMYx.2011-2025.zip,Fuzhou,26.0776,119.289,city_alias_fallback
115,江西省,Jiangxi,南昌市,南昌,南昌,南昌市,,,,city-jiangxi,prefecture-city-jiangxi,586060,CHN_JX_Nanchang.586060_TMYx.2011-2025.zip,Nanchang,28.5901,115.9014,province_capital_fallback
116,江西省,Jiangxi,景德镇市,景德镇,景德镇,景德镇市,,,,city-jiangxi-2,prefecture-city-jiangxi-2,586060,CHN_JX_Nanchang.586060_TMYx.2011-2025.zip,Nanchang,28.5901,115.9014,province_capital_fallback
117,江西省,Jiangxi,萍乡市,萍乡,萍乡,萍乡市,,,,city-jiangxi-3,prefecture-city-jiangxi-3,586060,CHN_JX_Nanchang.586060_TMYx.2011-2025.zip,Nanchang,28.5901,115.9014,province_capital_fallback
118,江西省,Jiangxi,九江市,九江,九江,九江市,,,,city-jiangxi-4,prefecture-city-jiangxi-4,586060,CHN_JX_Nanchang.586060_TMYx.2011-2025.zip,Nanchang,28.5901,115.9014,province_capital_fallback
119,江西省,Jiangxi,新余市,新余,新余,新余市,,,,city-jiangxi-5,prefecture-city-jiangxi-5,586060,CHN_JX_Nanchang.586060_TMYx.2011-2025.zip,Nanchang,28.5901,115.9014,province_capital_fallback
120,江西省,Jiangxi,鹰潭市,鹰潭,鹰潭,鹰潭市,,,,city-jiangxi-6,prefecture-city-jiangxi-6,586060,CHN_JX_Nanchang.586060_TMYx.2011-2025.zip,Nanchang,28.5901,115.9014,province_capital_fallback
121,江西省,Jiangxi,赣州市,赣州,赣州,赣州市,,,,city-jiangxi-7,prefecture-city-jiangxi-7,586060,CHN_JX_Nanchang.586060_TMYx.2011-2025.zip,Nanchang,28.5901,115.9014,province_capital_fallback
122,江西省,Jiangxi,吉安市,吉安,吉安,吉安市,,,,city-jiangxi-8,prefecture-city-jiangxi-8,586060,CHN_JX_Nanchang.586060_TMYx.2011-2025.zip,Nanchang,28.5901,115.9014,province_capital_fallback
123,江西省,Jiangxi,宜春市,宜春,宜春,宜春市,,,,city-jiangxi-9,prefecture-city-jiangxi-9,586060,CHN_JX_Nanchang.586060_TMYx.2011-2025.zip,Nanchang,28.5901,115.9014,province_capital_fallback
124,江西省,Jiangxi,抚州市,抚州,抚州,抚州市,,,,city-jiangxi-10,prefecture-city-jiangxi-10,586060,CHN_JX_Nanchang.586060_TMYx.2011-2025.zip,Nanchang,28.5901,115.9014,province_capital_fallback
125,江西省,Jiangxi,上饶市,上饶,上饶,上饶市,,,,city-jiangxi-11,prefecture-city-jiangxi-11,586060,CHN_JX_Nanchang.586060_TMYx.2011-2025.zip,Nanchang,28.5901,115.9014,province_capital_fallback
126,山东省,Shandong,济南市,济南,济南,济南市,,,,city-shandong,prefecture-city-shandong,548230,CHN_SD_Jinan.548230_CSWD.zip,Jinan.Tsinan,36.6019,117.0081,province_capital_fallback
127,山东省,Shandong,青岛市,青岛,青岛,青岛市,,,,city-shandong-2,prefecture-city-shandong-2,548230,CHN_SD_Jinan.548230_CSWD.zip,Jinan.Tsinan,36.6019,117.0081,province_capital_fallback
128,山东省,Shandong,淄博市,淄博,淄博,淄博市,,,,city-shandong-3,prefecture-city-shandong-3,548230,CHN_SD_Jinan.548230_CSWD.zip,Jinan.Tsinan,36.6019,117.0081,city_alias_fallback
129,山东省,Shandong,枣庄市,枣庄,枣庄,枣庄市,,,,city-shandong-4,prefecture-city-shandong-4,549380,CHN_SD_Linyi.549380_TMYx.zip,Linyi,35.05,118.35,city_alias_fallback
130,山东省,Shandong,东营市,东营,东营,东营市,,,,city-shandong-5,prefecture-city-shandong-5,548230,CHN_SD_Jinan.548230_CSWD.zip,Jinan.Tsinan,36.6019,117.0081,city_alias_fallback
131,山东省,Shandong,烟台市,烟台,烟台,烟台市,,,,city-shandong-6,prefecture-city-shandong-6,548230,CHN_SD_Jinan.548230_CSWD.zip,Jinan.Tsinan,36.6019,117.0081,province_capital_fallback
132,山东省,Shandong,潍坊市,潍坊,潍坊,潍坊市,,,,city-shandong-7,prefecture-city-shandong-7,548230,CHN_SD_Jinan.548230_CSWD.zip,Jinan.Tsinan,36.6019,117.0081,province_capital_fallback
133,山东省,Shandong,济宁市,济宁,济宁,济宁市,,,,city-shandong-8,prefecture-city-shandong-8,548230,CHN_SD_Jinan.548230_CSWD.zip,Jinan.Tsinan,36.6019,117.0081,city_alias_fallback
134,山东省,Shandong,泰安市,泰安,泰安,泰安市,,,,city-shandong-9,prefecture-city-shandong-9,548270,CHN_GD_Tai.An.548270_TMYx.zip,Tai.An,36.183,117.133,city_alias_fallback
135,山东省,Shandong,威海市,威海,威海,威海市,,,,city-shandong-10,prefecture-city-shandong-10,548230,CHN_SD_Jinan.548230_CSWD.zip,Jinan.Tsinan,36.6019,117.0081,province_capital_fallback
136,山东省,Shandong,日照市,日照,日照,日照市,,,,city-shandong-11,prefecture-city-shandong-11,549380,CHN_SD_Linyi.549380_TMYx.zip,Linyi,35.05,118.35,city_alias_fallback
137,山东省,Shandong,临沂市,临沂,临沂,临沂市,,,,city-shandong-12,prefecture-city-shandong-12,548230,CHN_SD_Jinan.548230_CSWD.zip,Jinan.Tsinan,36.6019,117.0081,province_capital_fallback
138,山东省,Shandong,德州市,德州,德州,德州市,,,,city-shandong-13,prefecture-city-shandong-13,548230,CHN_SD_Jinan.548230_CSWD.zip,Jinan.Tsinan,36.6019,117.0081,city_alias_fallback
139,山东省,Shandong,聊城市,聊城,聊城,聊城市,,,,city-shandong-14,prefecture-city-shandong-14,548230,CHN_SD_Jinan.548230_CSWD.zip,Jinan.Tsinan,36.6019,117.0081,city_alias_fallback
140,山东省,Shandong,滨州市,滨州,滨州,滨州市,,,,city-shandong-15,prefecture-city-shandong-15,548230,CHN_SD_Jinan.548230_CSWD.zip,Jinan.Tsinan,36.6019,117.0081,city_alias_fallback
141,山东省,Shandong,菏泽市,菏泽,菏泽,菏泽市,,,,city-shandong-16,prefecture-city-shandong-16,548230,CHN_SD_Jinan.548230_CSWD.zip,Jinan.Tsinan,36.6019,117.0081,city_alias_fallback
142,河南省,Henan,郑州市,郑州,郑州,郑州市,,,,city-henan,prefecture-city-henan,570830,CHN_HA_Zhengzhou.570830_CSWD.zip,Zhengzhou,34.71667,113.65,province_capital_fallback
143,河南省,Henan,开封市,开封,开封,开封市,,,,city-henan-2,prefecture-city-henan-2,570830,CHN_HA_Zhengzhou.570830_CSWD.zip,Zhengzhou,34.71667,113.65,city_alias_fallback
144,河南省,Henan,洛阳市,洛阳,洛阳,洛阳市,,,,city-henan-3,prefecture-city-henan-3,570830,CHN_HA_Zhengzhou.570830_CSWD.zip,Zhengzhou,34.71667,113.65,province_capital_fallback
145,河南省,Henan,平顶山市,平顶山,平顶山,平顶山市,,,,city-henan-4,prefecture-city-henan-4,570830,CHN_HA_Zhengzhou.570830_CSWD.zip,Zhengzhou,34.71667,113.65,city_alias_fallback
146,河南省,Henan,安阳市,安阳,安阳,安阳市,,,,city-henan-5,prefecture-city-henan-5,570830,CHN_HA_Zhengzhou.570830_CSWD.zip,Zhengzhou,34.71667,113.65,city_alias_fallback
147,河南省,Henan,鹤壁市,鹤壁,鹤壁,鹤壁市,,,,city-henan-6,prefecture-city-henan-6,570830,CHN_HA_Zhengzhou.570830_CSWD.zip,Zhengzhou,34.71667,113.65,city_alias_fallback
148,河南省,Henan,新乡市,新乡,新乡,新乡市,,,,city-henan-7,prefecture-city-henan-7,570830,CHN_HA_Zhengzhou.570830_CSWD.zip,Zhengzhou,34.71667,113.65,city_alias_fallback
149,河南省,Henan,焦作市,焦作,焦作,焦作市,,,,city-henan-8,prefecture-city-henan-8,570830,CHN_HA_Zhengzhou.570830_CSWD.zip,Zhengzhou,34.71667,113.65,city_alias_fallback
150,河南省,Henan,濮阳市,濮阳,濮阳,濮阳市,,,,city-henan-9,prefecture-city-henan-9,570830,CHN_HA_Zhengzhou.570830_CSWD.zip,Zhengzhou,34.71667,113.65,city_alias_fallback
151,河南省,Henan,许昌市,许昌,许昌,许昌市,,,,city-henan-10,prefecture-city-henan-10,570830,CHN_HA_Zhengzhou.570830_CSWD.zip,Zhengzhou,34.71667,113.65,city_alias_fallback
152,河南省,Henan,漯河市,漯河,漯河,漯河市,,,,city-henan-11,prefecture-city-henan-11,570830,CHN_HA_Zhengzhou.570830_CSWD.zip,Zhengzhou,34.71667,113.65,city_alias_fallback
153,河南省,Henan,三门峡市,三门峡,Sanmenxia,三门峡市,Sanmenxia,34.773,111.2,sanmenxia,prefecture-sanmenxia,570730,CHN_HA_Luoyang.570730_TMYx.zip,Luoyang,34.667,112.417,city_alias_fallback
154,河南省,Henan,南阳市,南阳,南阳,南阳市,,,,city-henan-12,prefecture-city-henan-12,570830,CHN_HA_Zhengzhou.570830_CSWD.zip,Zhengzhou,34.71667,113.65,province_capital_fallback
155,河南省,Henan,商丘市,商丘,Shangqiu,商丘市,Shangqiu,34.4146,115.6558,shangqiu,prefecture-shangqiu,580050,CHN_HA_Shangqiu.580050_TMYx.zip,Shangqiu,34.4,115.633,direct
156,河南省,Henan,信阳市,信阳,信阳,信阳市,,,,city-henan-13,prefecture-city-henan-13,570830,CHN_HA_Zhengzhou.570830_CSWD.zip,Zhengzhou,34.71667,113.65,city_alias_fallback
157,河南省,Henan,周口市,周口,Zhoukou,周口市,Zhoukou,33.6263,114.6968,zhoukou,prefecture-zhoukou,570830,CHN_HA_Zhengzhou.570830_CSWD.zip,Zhengzhou,34.71667,113.65,city_alias_fallback
158,河南省,Henan,驻马店市,驻马店,驻马店,驻马店市,,,,city-henan-14,prefecture-city-henan-14,570830,CHN_HA_Zhengzhou.570830_CSWD.zip,Zhengzhou,34.71667,113.65,city_alias_fallback
159,湖北省,Hubei,武汉市,武汉,Wuhan,武汉市,Wuhan,30.58333333,114.31666667,wuhan,prefecture-wuhan,574940,CHN_HB_Wuhan.574940_CSWD.zip,Tianhe-Wuhan,30.5977,114.0506,direct
160,湖北省,Hubei,黄石市,黄石,黄石,黄石市,,,,city-hubei,prefecture-city-hubei,574940,CHN_HB_Wuhan.574940_CSWD.zip,Tianhe-Wuhan,30.5977,114.0506,city_alias_fallback
161,湖北省,Hubei,十堰市,十堰,Shiyan,十堰市,Shiyan,32.6295,110.7983,shiyan,prefecture-shiyan,574940,CHN_HB_Wuhan.574940_CSWD.zip,Tianhe-Wuhan,30.5977,114.0506,city_alias_fallback
162,湖北省,Hubei,宜昌市,宜昌,宜昌,宜昌市,,,,city-hubei-2,prefecture-city-hubei-2,574940,CHN_HB_Wuhan.574940_CSWD.zip,Tianhe-Wuhan,30.5977,114.0506,province_capital_fallback
163,湖北省,Hubei,襄阳市,襄阳,Xiangyang,襄阳市,Xiangyang,32.009,112.123,xiangyang,prefecture-xiangyang,574940,CHN_HB_Wuhan.574940_CSWD.zip,Tianhe-Wuhan,30.5977,114.0506,city_alias_fallback
164,湖北省,Hubei,鄂州市,鄂州,鄂州,鄂州市,,,,city-hubei-3,prefecture-city-hubei-3,574940,CHN_HB_Wuhan.574940_CSWD.zip,Tianhe-Wuhan,30.5977,114.0506,city_alias_fallback
165,湖北省,Hubei,荆门市,荆门,Jingmen,荆门市,Jingmen,31.0354,112.1995,jingmen,prefecture-jingmen,574940,CHN_HB_Wuhan.574940_CSWD.zip,Tianhe-Wuhan,30.5977,114.0506,province_capital_fallback
166,湖北省,Hubei,孝感市,孝感,Xiaogan,孝感市,Xiaogan,30.9176,113.9571,xiaogan,prefecture-xiaogan,574940,CHN_HB_Wuhan.574940_CSWD.zip,Tianhe-Wuhan,30.5977,114.0506,city_alias_fallback
167,湖北省,Hubei,荆州市,荆州,荆州,荆州市,,,,city-hubei-4,prefecture-city-hubei-4,574940,CHN_HB_Wuhan.574940_CSWD.zip,Tianhe-Wuhan,30.5977,114.0506,city_alias_fallback
168,湖北省,Hubei,黄冈市,黄冈,Huanggang,黄冈市,Huanggang,30.4537,114.8722,huanggang,prefecture-huanggang,574940,CHN_HB_Wuhan.574940_CSWD.zip,Tianhe-Wuhan,30.5977,114.0506,city_alias_fallback
169,湖北省,Hubei,咸宁市,咸宁,Xianning,咸宁市,Xianning,,,xianning,prefecture-xianning,574940,CHN_HB_Wuhan.574940_CSWD.zip,Tianhe-Wuhan,30.5977,114.0506,city_alias_fallback
170,湖北省,Hubei,随州市,随州,随州,随州市,,,,city-hubei-5,prefecture-city-hubei-5,574940,CHN_HB_Wuhan.574940_CSWD.zip,Tianhe-Wuhan,30.5977,114.0506,city_alias_fallback
171,湖南省,Hunan,长沙市,长沙,长沙,长沙市,,,,city-hunan,prefecture-city-hunan,576870,CHN_HN_Changsha.576870_TMYx.2011-2025.zip,Changsha,28.1095,112.788,province_capital_fallback
172,湖南省,Hunan,株洲市,株洲,株洲,株洲市,,,,city-hunan-2,prefecture-city-hunan-2,576870,CHN_HN_Changsha.576870_TMYx.2011-2025.zip,Changsha,28.1095,112.788,province_capital_fallback
173,湖南省,Hunan,湘潭市,湘潭,湘潭,湘潭市,,,,city-hunan-3,prefecture-city-hunan-3,576870,CHN_HN_Changsha.576870_TMYx.2011-2025.zip,Changsha,28.1095,112.788,city_alias_fallback
174,湖南省,Hunan,衡阳市,衡阳,衡阳,衡阳市,,,,city-hunan-4,prefecture-city-hunan-4,576870,CHN_HN_Changsha.576870_TMYx.2011-2025.zip,Changsha,28.1095,112.788,city_alias_fallback
175,湖南省,Hunan,邵阳市,邵阳,邵阳,邵阳市,,,,city-hunan-5,prefecture-city-hunan-5,576870,CHN_HN_Changsha.576870_TMYx.2011-2025.zip,Changsha,28.1095,112.788,city_alias_fallback
176,湖南省,Hunan,岳阳市,岳阳,岳阳,岳阳市,,,,city-hunan-6,prefecture-city-hunan-6,576870,CHN_HN_Changsha.576870_TMYx.2011-2025.zip,Changsha,28.1095,112.788,city_alias_fallback
177,湖南省,Hunan,常德市,常德,常德,常德市,,,,city-hunan-7,prefecture-city-hunan-7,576870,CHN_HN_Changsha.576870_TMYx.2011-2025.zip,Changsha,28.1095,112.788,city_alias_fallback
178,湖南省,Hunan,张家界市,张家界,张家界,张家界市,,,,city-hunan-8,prefecture-city-hunan-8,576870,CHN_HN_Changsha.576870_TMYx.2011-2025.zip,Changsha,28.1095,112.788,city_alias_fallback
179,湖南省,Hunan,益阳市,益阳,益阳,益阳市,,,,city-hunan-9,prefecture-city-hunan-9,576870,CHN_HN_Changsha.576870_TMYx.2011-2025.zip,Changsha,28.1095,112.788,city_alias_fallback
180,湖南省,Hunan,郴州市,郴州,郴州,郴州市,,,,city-hunan-10,prefecture-city-hunan-10,576870,CHN_HN_Changsha.576870_TMYx.2011-2025.zip,Changsha,28.1095,112.788,city_alias_fallback
181,湖南省,Hunan,永州市,永州,永州,永州市,,,,city-hunan-11,prefecture-city-hunan-11,576870,CHN_HN_Changsha.576870_TMYx.2011-2025.zip,Changsha,28.1095,112.788,city_alias_fallback
182,湖南省,Hunan,怀化市,怀化,怀化,怀化市,,,,city-hunan-12,prefecture-city-hunan-12,576870,CHN_HN_Changsha.576870_TMYx.2011-2025.zip,Changsha,28.1095,112.788,city_alias_fallback
183,湖南省,Hunan,娄底市,娄底,娄底,娄底市,,,,city-hunan-13,prefecture-city-hunan-13,576870,CHN_HN_Changsha.576870_TMYx.2011-2025.zip,Changsha,28.1095,112.788,city_alias_fallback
184,广东省,Guangdong,广州市,广州,广州,广州市,,,,city-guangdong,prefecture-city-guangdong,592870,CHN_GD_Guangzhou.592870_TMYx.2011-2025.zip,Guangzhou,23.2099,113.4822,province_capital_fallback
185,广东省,Guangdong,韶关市,韶关,韶关,韶关市,,,,city-guangdong-2,prefecture-city-guangdong-2,592870,CHN_GD_Guangzhou.592870_TMYx.2011-2025.zip,Guangzhou,23.2099,113.4822,city_alias_fallback
186,广东省,Guangdong,深圳市,深圳,深圳,深圳市,,,,city-guangdong-3,prefecture-city-guangdong-3,592870,CHN_GD_Guangzhou.592870_TMYx.2011-2025.zip,Guangzhou,23.2099,113.4822,province_capital_fallback
187,广东省,Guangdong,珠海市,珠海,珠海,珠海市,,,,city-guangdong-4,prefecture-city-guangdong-4,592870,CHN_GD_Guangzhou.592870_TMYx.2011-2025.zip,Guangzhou,23.2099,113.4822,city_alias_fallback
188,广东省,Guangdong,汕头市,汕头,汕头,汕头市,,,,city-guangdong-5,prefecture-city-guangdong-5,592870,CHN_GD_Guangzhou.592870_TMYx.2011-2025.zip,Guangzhou,23.2099,113.4822,province_capital_fallback
189,广东省,Guangdong,佛山市,佛山,佛山,佛山市,,,,city-guangdong-6,prefecture-city-guangdong-6,592870,CHN_GD_Guangzhou.592870_TMYx.2011-2025.zip,Guangzhou,23.2099,113.4822,city_alias_fallback
190,广东省,Guangdong,江门市,江门,江门,江门市,,,,city-guangdong-7,prefecture-city-guangdong-7,592870,CHN_GD_Guangzhou.592870_TMYx.2011-2025.zip,Guangzhou,23.2099,113.4822,city_alias_fallback
191,广东省,Guangdong,湛江市,湛江,湛江,湛江市,,,,city-guangdong-8,prefecture-city-guangdong-8,592870,CHN_GD_Guangzhou.592870_TMYx.2011-2025.zip,Guangzhou,23.2099,113.4822,province_capital_fallback
192,广东省,Guangdong,茂名市,茂名,茂名,茂名市,,,,city-guangdong-9,prefecture-city-guangdong-9,596580,CHN_GD_Zhanjiang.596580_TMYx.2011-2025.zip,Zhanjiang,21.1548,110.3034,city_alias_fallback
193,广东省,Guangdong,肇庆市,肇庆,肇庆,肇庆市,,,,city-guangdong-10,prefecture-city-guangdong-10,592870,CHN_GD_Guangzhou.592870_TMYx.2011-2025.zip,Guangzhou,23.2099,113.4822,city_alias_fallback
194,广东省,Guangdong,惠州市,惠州,惠州,惠州市,,,,city-guangdong-11,prefecture-city-guangdong-11,594930,CHN_GD_Shenzhen.594930_TMYx.2011-2025.zip,Shenzhen,22.5417,114.0033,city_alias_fallback
195,广东省,Guangdong,梅州市,梅州,梅州,梅州市,,,,city-guangdong-12,prefecture-city-guangdong-12,593160,CHN_GD_Shantou.593160_TMYx.2011-2025.zip,Shantou,23.3853,116.6792,city_alias_fallback
196,广东省,Guangdong,汕尾市,汕尾,汕尾,汕尾市,,,,city-guangdong-13,prefecture-city-guangdong-13,593160,CHN_GD_Shantou.593160_TMYx.2011-2025.zip,Shantou,23.3853,116.6792,city_alias_fallback
197,广东省,Guangdong,河源市,河源,河源,河源市,,,,city-guangdong-14,prefecture-city-guangdong-14,592870,CHN_GD_Guangzhou.592870_TMYx.2011-2025.zip,Guangzhou,23.2099,113.4822,city_alias_fallback
198,广东省,Guangdong,阳江市,阳江,阳江,阳江市,,,,city-guangdong-15,prefecture-city-guangdong-15,596580,CHN_GD_Zhanjiang.596580_TMYx.2011-2025.zip,Zhanjiang,21.1548,110.3034,city_alias_fallback
199,广东省,Guangdong,清远市,清远,清远,清远市,,,,city-guangdong-16,prefecture-city-guangdong-16,592870,CHN_GD_Guangzhou.592870_TMYx.2011-2025.zip,Guangzhou,23.2099,113.4822,city_alias_fallback
200,广东省,Guangdong,东莞市,东莞,东莞,东莞市,,,,city-guangdong-17,prefecture-city-guangdong-17,592870,CHN_GD_Guangzhou.592870_TMYx.2011-2025.zip,Guangzhou,23.2099,113.4822,city_alias_fallback
201,广东省,Guangdong,中山市,中山,中山,中山市,,,,city-guangdong-18,prefecture-city-guangdong-18,592870,CHN_GD_Guangzhou.592870_TMYx.2011-2025.zip,Guangzhou,23.2099,113.4822,city_alias_fallback
202,广东省,Guangdong,潮州市,潮州,潮州,潮州市,,,,city-guangdong-19,prefecture-city-guangdong-19,593160,CHN_GD_Shantou.593160_TMYx.2011-2025.zip,Shantou,23.3853,116.6792,city_alias_fallback
203,广东省,Guangdong,揭阳市,揭阳,揭阳,揭阳市,,,,city-guangdong-20,prefecture-city-guangdong-20,593160,CHN_GD_Shantou.593160_TMYx.2011-2025.zip,Shantou,23.3853,116.6792,city_alias_fallback
204,广东省,Guangdong,云浮市,云浮,云浮,云浮市,,,,city-guangdong-21,prefecture-city-guangdong-21,592870,CHN_GD_Guangzhou.592870_TMYx.2011-2025.zip,Guangzhou,23.2099,113.4822,city_alias_fallback
205,广西壮族自治区,Guangxi,南宁市,南宁,南宁,南宁市,,,,city-guangxi,prefecture-city-guangxi,594310,CHN_GX_Nanning.594310_TMYx.2011-2025.zip,Nanning,22.784,108.5472,province_capital_fallback
206,广西壮族自治区,Guangxi,柳州市,柳州,柳州,柳州市,,,,city-guangxi-2,prefecture-city-guangxi-2,594310,CHN_GX_Nanning.594310_TMYx.2011-2025.zip,Nanning,22.784,108.5472,province_capital_fallback
207,广西壮族自治区,Guangxi,桂林市,桂林,桂林,桂林市,,,,city-guangxi-3,prefecture-city-guangxi-3,594310,CHN_GX_Nanning.594310_TMYx.2011-2025.zip,Nanning,22.784,108.5472,province_capital_fallback
208,广西壮族自治区,Guangxi,梧州市,梧州,梧州,梧州市,,,,city-guangxi-4,prefecture-city-guangxi-4,594310,CHN_GX_Nanning.594310_TMYx.2011-2025.zip,Nanning,22.784,108.5472,province_capital_fallback
209,广西壮族自治区,Guangxi,北海市,北海,北海,北海市,,,,city-guangxi-5,prefecture-city-guangxi-5,594310,CHN_GX_Nanning.594310_TMYx.2011-2025.zip,Nanning,22.784,108.5472,province_capital_fallback
210,广西壮族自治区,Guangxi,防城港市,防城港,防城港,防城港市,,,,city-guangxi-6,prefecture-city-guangxi-6,594310,CHN_GX_Nanning.594310_TMYx.2011-2025.zip,Nanning,22.784,108.5472,province_capital_fallback
211,广西壮族自治区,Guangxi,钦州市,钦州,钦州,钦州市,,,,city-guangxi-7,prefecture-city-guangxi-7,594310,CHN_GX_Nanning.594310_TMYx.2011-2025.zip,Nanning,22.784,108.5472,province_capital_fallback
212,广西壮族自治区,Guangxi,贵港市,贵港,贵港,贵港市,,,,city-guangxi-8,prefecture-city-guangxi-8,594310,CHN_GX_Nanning.594310_TMYx.2011-2025.zip,Nanning,22.784,108.5472,province_capital_fallback
213,广西壮族自治区,Guangxi,玉林市,玉林,玉林,玉林市,,,,city-guangxi-9,prefecture-city-guangxi-9,594310,CHN_GX_Nanning.594310_TMYx.2011-2025.zip,Nanning,22.784,108.5472,province_capital_fallback
214,广西壮族自治区,Guangxi,百色市,百色,百色,百色市,,,,city-guangxi-10,prefecture-city-guangxi-10,594310,CHN_GX_Nanning.594310_TMYx.2011-2025.zip,Nanning,22.784,108.5472,province_capital_fallback
215,广西壮族自治区,Guangxi,贺州市,贺州,贺州,贺州市,,,,city-guangxi-11,prefecture-city-guangxi-11,594310,CHN_GX_Nanning.594310_TMYx.2011-2025.zip,Nanning,22.784,108.5472,province_capital_fallback
216,广西壮族自治区,Guangxi,河池市,河池,河池,河池市,,,,city-guangxi-12,prefecture-city-guangxi-12,594310,CHN_GX_Nanning.594310_TMYx.2011-2025.zip,Nanning,22.784,108.5472,province_capital_fallback
217,广西壮族自治区,Guangxi,来宾市,来宾,来宾,来宾市,,,,city-guangxi-13,prefecture-city-guangxi-13,594310,CHN_GX_Nanning.594310_TMYx.2011-2025.zip,Nanning,22.784,108.5472,province_capital_fallback
218,广西壮族自治区,Guangxi,崇左市,崇左,崇左,崇左市,,,,city-guangxi-14,prefecture-city-guangxi-14,594310,CHN_GX_Nanning.594310_TMYx.2011-2025.zip,Nanning,22.784,108.5472,province_capital_fallback
219,海南省,Hainan,海口市,海口,海口,海口市,,,,city-hainan,prefecture-city-hainan,597580,CHN_HI_Haikou.597580_TMYx.2011-2025.zip,Haikou,19.9938,110.2469,province_capital_fallback
220,海南省,Hainan,三亚市,三亚,三亚,三亚市,,,,city-hainan-2,prefecture-city-hainan-2,597580,CHN_HI_Haikou.597580_TMYx.2011-2025.zip,Haikou,19.9938,110.2469,province_capital_fallback
221,海南省,Hainan,三沙市,三沙,三沙,三沙市,,,,city-hainan-3,prefecture-city-hainan-3,597580,CHN_HI_Haikou.597580_TMYx.2011-2025.zip,Haikou,19.9938,110.2469,province_capital_fallback
222,海南省,Hainan,儋州市,儋州,儋州,儋州市,,,,city-hainan-4,prefecture-city-hainan-4,597580,CHN_HI_Haikou.597580_TMYx.2011-2025.zip,Haikou,19.9938,110.2469,province_capital_fallback
223,四川省,Sichuan,成都市,成都,成都,成都市,,,,city-sichuan,prefecture-city-sichuan,562940,CHN_SC_Chengdu.562940_CSWD.zip,Chengdu-Shuangliu.AP,30.579,103.947,province_capital_fallback
224,四川省,Sichuan,自贡市,自贡,自贡,自贡市,,,,city-sichuan-2,prefecture-city-sichuan-2,562940,CHN_SC_Chengdu.562940_CSWD.zip,Chengdu-Shuangliu.AP,30.579,103.947,city_alias_fallback
225,四川省,Sichuan,攀枝花市,攀枝花,攀枝花,攀枝花市,,,,city-sichuan-3,prefecture-city-sichuan-3,562940,CHN_SC_Chengdu.562940_CSWD.zip,Chengdu-Shuangliu.AP,30.579,103.947,city_alias_fallback
226,四川省,Sichuan,泸州市,泸州,泸州,泸州市,,,,city-sichuan-4,prefecture-city-sichuan-4,575160,CHN_CQ_Chongqing.575160_TMYx.2011-2025.zip,Chongqing,29.5758,106.4609,city_alias_fallback
227,四川省,Sichuan,德阳市,德阳,德阳,德阳市,,,,city-sichuan-5,prefecture-city-sichuan-5,562940,CHN_SC_Chengdu.562940_CSWD.zip,Chengdu-Shuangliu.AP,30.579,103.947,city_alias_fallback
228,四川省,Sichuan,绵阳市,绵阳,绵阳,绵阳市,,,,city-sichuan-6,prefecture-city-sichuan-6,562940,CHN_SC_Chengdu.562940_CSWD.zip,Chengdu-Shuangliu.AP,30.579,103.947,province_capital_fallback
229,四川省,Sichuan,广元市,广元,广元,广元市,,,,city-sichuan-7,prefecture-city-sichuan-7,562940,CHN_SC_Chengdu.562940_CSWD.zip,Chengdu-Shuangliu.AP,30.579,103.947,city_alias_fallback
230,四川省,Sichuan,遂宁市,遂宁,遂宁,遂宁市,,,,city-sichuan-8,prefecture-city-sichuan-8,562940,CHN_SC_Chengdu.562940_CSWD.zip,Chengdu-Shuangliu.AP,30.579,103.947,city_alias_fallback
231,四川省,Sichuan,内江市,内江,内江,内江市,,,,city-sichuan-9,prefecture-city-sichuan-9,562940,CHN_SC_Chengdu.562940_CSWD.zip,Chengdu-Shuangliu.AP,30.579,103.947,city_alias_fallback
232,四川省,Sichuan,乐山市,乐山,乐山,乐山市,,,,city-sichuan-10,prefecture-city-sichuan-10,562940,CHN_SC_Chengdu.562940_CSWD.zip,Chengdu-Shuangliu.AP,30.579,103.947,city_alias_fallback
233,四川省,Sichuan,南充市,南充,南充,南充市,,,,city-sichuan-11,prefecture-city-sichuan-11,562940,CHN_SC_Chengdu.562940_CSWD.zip,Chengdu-Shuangliu.AP,30.579,103.947,province_capital_fallback
234,四川省,Sichuan,眉山市,眉山,眉山,眉山市,,,,city-sichuan-12,prefecture-city-sichuan-12,562940,CHN_SC_Chengdu.562940_CSWD.zip,Chengdu-Shuangliu.AP,30.579,103.947,city_alias_fallback
235,四川省,Sichuan,宜宾市,宜宾,宜宾,宜宾市,,,,city-sichuan-13,prefecture-city-sichuan-13,575160,CHN_CQ_Chongqing.575160_TMYx.2011-2025.zip,Chongqing,29.5758,106.4609,city_alias_fallback
236,四川省,Sichuan,广安市,广安,广安,广安市,,,,city-sichuan-14,prefecture-city-sichuan-14,575160,CHN_CQ_Chongqing.575160_TMYx.2011-2025.zip,Chongqing,29.5758,106.4609,city_alias_fallback
237,四川省,Sichuan,达州市,达州,达州,达州市,,,,city-sichuan-15,prefecture-city-sichuan-15,575160,CHN_CQ_Chongqing.575160_TMYx.2011-2025.zip,Chongqing,29.5758,106.4609,city_alias_fallback
238,四川省,Sichuan,雅安市,雅安,雅安,雅安市,,,,city-sichuan-16,prefecture-city-sichuan-16,562940,CHN_SC_Chengdu.562940_CSWD.zip,Chengdu-Shuangliu.AP,30.579,103.947,city_alias_fallback
239,四川省,Sichuan,巴中市,巴中,巴中,巴中市,,,,city-sichuan-17,prefecture-city-sichuan-17,562940,CHN_SC_Chengdu.562940_CSWD.zip,Chengdu-Shuangliu.AP,30.579,103.947,city_alias_fallback
240,四川省,Sichuan,资阳市,资阳,资阳,资阳市,,,,city-sichuan-18,prefecture-city-sichuan-18,562940,CHN_SC_Chengdu.562940_CSWD.zip,Chengdu-Shuangliu.AP,30.579,103.947,city_alias_fallback
241,贵州省,Guizhou,贵阳市,贵阳,贵阳,贵阳市,,,,city-guizhou,prefecture-city-guizhou,578160,CHN_GZ_Guiyang.578160_TMYx.2011-2025.zip,Guiyang,26.5897,106.7276,province_capital_fallback
242,贵州省,Guizhou,六盘水市,六盘水,六盘水,六盘水市,,,,city-guizhou-2,prefecture-city-guizhou-2,578160,CHN_GZ_Guiyang.578160_TMYx.2011-2025.zip,Guiyang,26.5897,106.7276,city_alias_fallback
243,贵州省,Guizhou,遵义市,遵义,遵义,遵义市,,,,city-guizhou-3,prefecture-city-guizhou-3,577130,CHN_GZ_Zunyi.577130_CSWD.zip,Zunyi,27.7,106.8833,city_alias_fallback
244,贵州省,Guizhou,安顺市,安顺,安顺,安顺市,,,,city-guizhou-4,prefecture-city-guizhou-4,578160,CHN_GZ_Guiyang.578160_TMYx.2011-2025.zip,Guiyang,26.5897,106.7276,city_alias_fallback
245,贵州省,Guizhou,毕节市,毕节,毕节,毕节市,,,,city-guizhou-5,prefecture-city-guizhou-5,578160,CHN_GZ_Guiyang.578160_TMYx.2011-2025.zip,Guiyang,26.5897,106.7276,city_alias_fallback
246,贵州省,Guizhou,铜仁市,铜仁,铜仁,铜仁市,,,,city-guizhou-6,prefecture-city-guizhou-6,578160,CHN_GZ_Guiyang.578160_TMYx.2011-2025.zip,Guiyang,26.5897,106.7276,city_alias_fallback
247,云南省,Yunnan,昆明市,昆明,昆明,昆明市,,,,city-yunnan,prefecture-city-yunnan,567780,CHN_YN_Kunming.567780_CSWD.zip,Kunming-Wujiaba.AP,24.992,102.744,province_capital_fallback
248,云南省,Yunnan,曲靖市,曲靖,曲靖,曲靖市,,,,city-yunnan-2,prefecture-city-yunnan-2,567780,CHN_YN_Kunming.567780_CSWD.zip,Kunming-Wujiaba.AP,24.992,102.744,city_alias_fallback
249,云南省,Yunnan,玉溪市,玉溪,玉溪,玉溪市,,,,city-yunnan-3,prefecture-city-yunnan-3,567780,CHN_YN_Kunming.567780_CSWD.zip,Kunming-Wujiaba.AP,24.992,102.744,city_alias_fallback
250,云南省,Yunnan,保山市,保山,保山,保山市,,,,city-yunnan-4,prefecture-city-yunnan-4,567780,CHN_YN_Kunming.567780_CSWD.zip,Kunming-Wujiaba.AP,24.992,102.744,city_alias_fallback
251,云南省,Yunnan,昭通市,昭通,昭通,昭通市,,,,city-yunnan-5,prefecture-city-yunnan-5,567780,CHN_YN_Kunming.567780_CSWD.zip,Kunming-Wujiaba.AP,24.992,102.744,city_alias_fallback
252,云南省,Yunnan,丽江市,丽江,丽江,丽江市,,,,city-yunnan-6,prefecture-city-yunnan-6,567780,CHN_YN_Kunming.567780_CSWD.zip,Kunming-Wujiaba.AP,24.992,102.744,city_alias_fallback
253,云南省,Yunnan,普洱市,普洱,普洱,普洱市,,,,city-yunnan-7,prefecture-city-yunnan-7,567780,CHN_YN_Kunming.567780_CSWD.zip,Kunming-Wujiaba.AP,24.992,102.744,city_alias_fallback
254,云南省,Yunnan,临沧市,临沧,临沧,临沧市,,,,city-yunnan-8,prefecture-city-yunnan-8,567780,CHN_YN_Kunming.567780_CSWD.zip,Kunming-Wujiaba.AP,24.992,102.744,city_alias_fallback
255,西藏自治区,Tibet,拉萨市,拉萨,拉萨,拉萨市,,,,city-tibet,prefecture-city-tibet,555910,CHN_XJ_Lhasa.555910_TMYx.2011-2025.zip,Lhasa,29.6586,91.1353,province_capital_fallback
256,西藏自治区,Tibet,日喀则市,日喀则,日喀则,日喀则市,,,,city-tibet-2,prefecture-city-tibet-2,555910,CHN_XJ_Lhasa.555910_TMYx.2011-2025.zip,Lhasa,29.6586,91.1353,city_alias_fallback
257,西藏自治区,Tibet,昌都市,昌都,昌都,昌都市,,,,city-tibet-3,prefecture-city-tibet-3,555910,CHN_XJ_Lhasa.555910_TMYx.2011-2025.zip,Lhasa,29.6586,91.1353,city_alias_fallback
258,西藏自治区,Tibet,林芝市,林芝,林芝,林芝市,,,,city-tibet-4,prefecture-city-tibet-4,563120,CHN_XJ_Nyingchi.563120_TMYx.2011-2025.zip,Nyingchi,29.6475,94.3605,city_alias_fallback
259,西藏自治区,Tibet,山南市,山南,山南,山南市,,,,city-tibet-5,prefecture-city-tibet-5,555910,CHN_XJ_Lhasa.555910_TMYx.2011-2025.zip,Lhasa,29.6586,91.1353,city_alias_fallback
260,西藏自治区,Tibet,那曲市,那曲,那曲,那曲市,,,,city-tibet-6,prefecture-city-tibet-6,555910,CHN_XJ_Lhasa.555910_TMYx.2011-2025.zip,Lhasa,29.6586,91.1353,city_alias_fallback
261,陕西省,Shaanxi,西安市,西安,西安,西安市,,,,city-shaanxi,prefecture-city-shaanxi,570360,CHN_SN_Xian.570360_CSWD.zip,Xian,34.3,108.9333,province_capital_fallback
262,陕西省,Shaanxi,铜川市,铜川,铜川,铜川市,,,,city-shaanxi-2,prefecture-city-shaanxi-2,570360,CHN_SN_Xian.570360_CSWD.zip,Xian,34.3,108.9333,city_alias_fallback
263,陕西省,Shaanxi,宝鸡市,宝鸡,宝鸡,宝鸡市,,,,city-shaanxi-3,prefecture-city-shaanxi-3,570360,CHN_SN_Xian.570360_CSWD.zip,Xian,34.3,108.9333,city_alias_fallback
264,陕西省,Shaanxi,咸阳市,咸阳,咸阳,咸阳市,,,,city-shaanxi-4,prefecture-city-shaanxi-4,570360,CHN_SN_Xian.570360_CSWD.zip,Xian,34.3,108.9333,city_alias_fallback
265,陕西省,Shaanxi,渭南市,渭南,渭南,渭南市,,,,city-shaanxi-5,prefecture-city-shaanxi-5,570360,CHN_SN_Xian.570360_CSWD.zip,Xian,34.3,108.9333,city_alias_fallback
266,陕西省,Shaanxi,汉中市,汉中,汉中,汉中市,,,,city-shaanxi-6,prefecture-city-shaanxi-6,570360,CHN_SN_Xian.570360_CSWD.zip,Xian,34.3,108.9333,city_alias_fallback
267,陕西省,Shaanxi,延安市,延安,延安,延安市,,,,city-shaanxi-7,prefecture-city-shaanxi-7,570360,CHN_SN_Xian.570360_CSWD.zip,Xian,34.3,108.9333,city_alias_fallback
268,陕西省,Shaanxi,榆林市,榆林,榆林,榆林市,,,,city-shaanxi-8,prefecture-city-shaanxi-8,536460,CHN_SN_Yulin.536460_TMYx.2011-2025.zip,Yulin,38.2687,109.7804,city_alias_fallback
269,陕西省,Shaanxi,安康市,安康,安康,安康市,,,,city-shaanxi-9,prefecture-city-shaanxi-9,570360,CHN_SN_Xian.570360_CSWD.zip,Xian,34.3,108.9333,city_alias_fallback
270,陕西省,Shaanxi,商洛市,商洛,商洛,商洛市,,,,city-shaanxi-10,prefecture-city-shaanxi-10,570360,CHN_SN_Xian.570360_CSWD.zip,Xian,34.3,108.9333,city_alias_fallback
271,甘肃省,Gansu,兰州市,兰州,兰州,兰州市,,,,city-gansu,prefecture-city-gansu,528890,CHN_GS_Lanzhou.528890_TMYx.2011-2025.zip,Lanzhou,36.05,103.883,province_capital_fallback
272,甘肃省,Gansu,嘉峪关市,嘉峪关,嘉峪关,嘉峪关市,,,,city-gansu-2,prefecture-city-gansu-2,528890,CHN_GS_Lanzhou.528890_TMYx.2011-2025.zip,Lanzhou,36.05,103.883,province_capital_fallback
273,甘肃省,Gansu,金昌市,金昌,金昌,金昌市,,,,city-gansu-3,prefecture-city-gansu-3,528890,CHN_GS_Lanzhou.528890_TMYx.2011-2025.zip,Lanzhou,36.05,103.883,city_alias_fallback
274,甘肃省,Gansu,白银市,白银,白银,白银市,,,,city-gansu-4,prefecture-city-gansu-4,528890,CHN_GS_Lanzhou.528890_TMYx.2011-2025.zip,Lanzhou,36.05,103.883,city_alias_fallback
275,甘肃省,Gansu,天水市,天水,天水,天水市,,,,city-gansu-5,prefecture-city-gansu-5,528890,CHN_GS_Lanzhou.528890_TMYx.2011-2025.zip,Lanzhou,36.05,103.883,city_alias_fallback
276,甘肃省,Gansu,武威市,武威,武威,武威市,,,,city-gansu-6,prefecture-city-gansu-6,528890,CHN_GS_Lanzhou.528890_TMYx.2011-2025.zip,Lanzhou,36.05,103.883,city_alias_fallback
277,甘肃省,Gansu,张掖市,张掖,张掖,张掖市,,,,city-gansu-7,prefecture-city-gansu-7,526610,CHN_GS_Shandan.526610_TMYx.zip,Shandan,38.8,101.083,city_alias_fallback
278,甘肃省,Gansu,平凉市,平凉,平凉,平凉市,,,,city-gansu-8,prefecture-city-gansu-8,528890,CHN_GS_Lanzhou.528890_TMYx.2011-2025.zip,Lanzhou,36.05,103.883,city_alias_fallback
279,甘肃省,Gansu,酒泉市,酒泉,酒泉,酒泉市,,,,city-gansu-9,prefecture-city-gansu-9,528890,CHN_GS_Lanzhou.528890_TMYx.2011-2025.zip,Lanzhou,36.05,103.883,city_alias_fallback
280,甘肃省,Gansu,庆阳市,庆阳,庆阳,庆阳市,,,,city-gansu-10,prefecture-city-gansu-10,528890,CHN_GS_Lanzhou.528890_TMYx.2011-2025.zip,Lanzhou,36.05,103.883,city_alias_fallback
281,甘肃省,Gansu,定西市,定西,定西,定西市,,,,city-gansu-11,prefecture-city-gansu-11,528890,CHN_GS_Lanzhou.528890_TMYx.2011-2025.zip,Lanzhou,36.05,103.883,city_alias_fallback
282,甘肃省,Gansu,陇南市,陇南,陇南,陇南市,,,,city-gansu-12,prefecture-city-gansu-12,528890,CHN_GS_Lanzhou.528890_TMYx.2011-2025.zip,Lanzhou,36.05,103.883,city_alias_fallback
283,青海省,Qinghai,西宁市,西宁,西宁,西宁市,,,,city-qinghai,prefecture-city-qinghai,528660,CHN_QH_Xining.528660_TMYx.2011-2025.zip,Xining,36.6644,101.7331,province_capital_fallback
284,青海省,Qinghai,海东市,海东,海东,海东市,,,,city-qinghai-2,prefecture-city-qinghai-2,528660,CHN_QH_Xining.528660_TMYx.2011-2025.zip,Xining,36.6644,101.7331,city_alias_fallback
285,宁夏回族自治区,Ningxia,银川市,银川,银川,银川市,,,,city-ningxia,prefecture-city-ningxia,536140,CHN_NX_Yinchuan.536140_TMYx.2011-2025.zip,Yinchuan,38.4714,106.2078,province_capital_fallback
286,宁夏回族自治区,Ningxia,石嘴山市,石嘴山,石嘴山,石嘴山市,,,,city-ningxia-2,prefecture-city-ningxia-2,536140,CHN_NX_Yinchuan.536140_TMYx.2011-2025.zip,Yinchuan,38.4714,106.2078,city_alias_fallback
287,宁夏回族自治区,Ningxia,吴忠市,吴忠,吴忠,吴忠市,,,,city-ningxia-3,prefecture-city-ningxia-3,536140,CHN_NX_Yinchuan.536140_TMYx.2011-2025.zip,Yinchuan,38.4714,106.2078,city_alias_fallback
288,宁夏回族自治区,Ningxia,固原市,固原,固原,固原市,,,,city-ningxia-4,prefecture-city-ningxia-4,536140,CHN_NX_Yinchuan.536140_TMYx.2011-2025.zip,Yinchuan,38.4714,106.2078,city_alias_fallback
289,宁夏回族自治区,Ningxia,中卫市,中卫,中卫,中卫市,,,,city-ningxia-5,prefecture-city-ningxia-5,536140,CHN_NX_Yinchuan.536140_TMYx.2011-2025.zip,Yinchuan,38.4714,106.2078,city_alias_fallback
290,新疆维吾尔自治区,Xinjiang,乌鲁木齐市,乌鲁木齐,乌鲁木齐,乌鲁木齐市,,,,city-xinjiang,prefecture-city-xinjiang,514630,CHN_XJ_Urumqi.514630_CSWD.zip,Urumqi,43.78333,87.65,province_capital_fallback
291,新疆维吾尔自治区,Xinjiang,克拉玛依市,克拉玛依,克拉玛依,克拉玛依市,,,,city-xinjiang-2,prefecture-city-xinjiang-2,512430,CHN_XZ_Karamay.512430_TMYx.2011-2025.zip,Karamay,45.6101,84.8454,city_alias_fallback
292,新疆维吾尔自治区,Xinjiang,吐鲁番市,吐鲁番,吐鲁番,吐鲁番市,,,,city-xinjiang-3,prefecture-city-xinjiang-3,515730,CHN_XZ_Turpan.515730_TMYx.2011-2025.zip,Turpan,42.95,89.2297,city_alias_fallback
293,新疆维吾尔自治区,Xinjiang,哈密市,哈密,哈密,哈密市,,,,city-xinjiang-4,prefecture-city-xinjiang-4,522030,CHN_XJ_Hami.522030_CSWD.zip,Hami,42.81667,93.51667,city_alias_fallback
