catalog_id,city,wmo,station_match_quality,temperature_source,noaa_valid_years,noaa_valid_days,grid_lat,grid_lon,annual_temp_c,annual_precip_mm,annual_cloud_pct,daily_points
prefecture-aksu-prefecture,阿克苏地区,514635,province_capital_fallback,NASA_POWER,30,10925,41.167,80.25,11.43,112.0,60.3,365
prefecture-altay-prefecture,阿勒泰地区,510760,direct,NOAA_GSOD,30,10945,47.1,88.434,5.12,164.4,55.9,365
prefecture-alxa-league,阿拉善盟,536020,direct,NASA_POWER,0,291,38.852,105.728,8.48,168.7,50.4,365
prefecture-ankang,安康市,572450,direct,NOAA_GSOD,30,10943,32.685,109.029,16.2,949.7,69.7,365
prefecture-anqing,安庆市,584240,direct,NOAA_GSOD,30,10944,30.532,117.115,17.45,1607.2,67.4,365
prefecture-anshan,鞍山市,543390,direct,NASA_POWER,2,1250,41.108,122.993,7.83,684.0,50.6,365
prefecture-anshun,安顺市,578060,direct,NASA_POWER,1,973,26.253,105.948,14.82,1085.4,77.2,365
prefecture-anyang,安阳市,538980,direct,NOAA_GSOD,30,10933,36.097,114.392,14.79,576.0,56.1,365
prefecture-baicheng,白城市,509360,direct_quality_override,NASA_POWER,0,0,45.62,122.839,5.3,412.3,50.0,365
prefecture-baise,百色市,592110,direct,NOAA_GSOD,30,10945,23.902,106.618,22.42,1356.3,70.5,365
prefecture-baiyin,白银市,528890,city_alias_fallback,NASA_POWER,13,4748,36.545,104.138,8.87,308.6,55.1,365
prefecture-baoding,保定市,546020,direct,NOAA_GSOD,30,10932,38.874,115.465,13.7,510.6,54.3,365
prefecture-baoji,宝鸡市,570160,direct,NOAA_GSOD,14,5097,34.363,107.238,14.01,626.5,65.4,365
prefecture-baoshan,保山市,567480,direct,NOAA_GSOD,30,10931,25.112,99.162,17.17,1049.9,60.7,365
prefecture-baotou,包头市,534460,direct,NASA_POWER,0,0,40.658,109.84,7.64,323.4,48.2,365
prefecture-bayannur,巴彦淖尔市,534630,city_alias_fallback,NASA_POWER,30,10947,40.743,107.388,8.68,168.0,48.4,365
prefecture-bayingolin-mongol-autonomous-prefecture,巴音郭楞蒙古自治州,514635,province_capital_fallback,NASA_POWER,30,10925,39.496,87.979,13.8,36.7,47.8,365
prefecture-bazhong,巴中市,573130,direct,NASA_POWER,1,852,31.868,106.747,15.08,1111.2,78.0,365
prefecture-beihai,北海市,596440,direct,NOAA_GSOD,30,10945,21.481,109.121,23.32,1663.1,69.0,365
prefecture-beijing,北京市,545110,direct,NOAA_GSOD,30,10949,39.904,116.407,12.97,535.0,50.7,365
prefecture-bengbu,蚌埠市,582210,direct,NOAA_GSOD,28,10177,32.918,117.383,16.07,944.5,63.2,365
prefecture-benxi,本溪市,543460,direct,NOAA_GSOD,30,10925,41.294,123.766,8.79,743.3,52.7,365
prefecture-bijie,毕节市,577070,direct,NOAA_GSOD,30,10942,27.283,105.292,13.57,916.1,77.3,365
prefecture-binzhou,滨州市,548230,city_alias_fallback,NASA_POWER,30,10944,37.381,117.971,13.46,563.7,53.3,365
prefecture-bortala-mongol-autonomous-prefecture,博尔塔拉蒙古自治州,513300,direct,NASA_POWER,1,736,44.905,82.063,5.42,278.6,61.4,365
prefecture-bozhou,亳州市,583210,province_capital_fallback,NASA_POWER,30,10948,33.845,115.778,15.45,752.4,62.1,365
prefecture-cangzhou,沧州市,546160,direct,NASA_POWER,5,1825,38.304,116.839,12.95,523.1,51.9,365
prefecture-chamdo,昌都市,555910,city_alias_fallback,NASA_POWER,30,10928,31.143,97.171,0.86,520.9,65.1,365
prefecture-changchun,长春市,541610,direct,NOAA_GSOD,30,10945,43.885,125.318,6.41,611.2,54.0,365
prefecture-changde,常德市,576620,direct,NOAA_GSOD,30,10940,29.032,111.699,17.65,1311.6,71.0,365
prefecture-changji-hui-autonomous-prefecture,昌吉回族自治州,514635,province_capital_fallback,NASA_POWER,30,10925,44.348,86.687,10.85,206.1,59.7,365
prefecture-changsha,长沙市,576870,direct,NOAA_GSOD,30,10945,28.145,113.238,17.85,1508.6,71.4,365
prefecture-changzhi,长治市,538870,direct,NASA_POWER,0,0,36.195,113.116,9.2,571.6,56.3,365
prefecture-changzhou,常州市,583430,direct,NASA_POWER,4,1187,31.81,119.976,16.06,1049.6,64.8,365
prefecture-chaoyang,朝阳市,543240,direct,NOAA_GSOD,30,10931,41.574,120.449,10.25,480.6,48.6,365
prefecture-chaozhou,潮州市,593160,city_alias_fallback,NASA_POWER,30,10948,23.667,116.633,22.17,1417.2,66.3,365
prefecture-chengde,承德市,544230,direct,NOAA_GSOD,30,10944,40.953,117.963,9.2,534.6,46.7,365
prefecture-chengdu,成都市,562940,direct,NOAA_GSOD,30,10922,30.658,104.064,17.43,937.2,81.7,365
prefecture-chenzhou,郴州市,579720,direct,NOAA_GSOD,30,10938,25.77,113.016,18.64,1530.5,71.9,365
prefecture-chifeng,赤峰市,542180,direct,NOAA_GSOD,30,10944,42.258,118.887,7.95,404.1,48.8,365
prefecture-chizhou,池州市,583210,province_capital_fallback,NASA_POWER,30,10948,30.677,117.494,15.95,1755.3,67.4,365
prefecture-chongqing,重庆市,575160,direct,NOAA_GSOD,30,10947,29.432,106.912,18.49,1146.5,79.9,365
prefecture-chongzuo,崇左市,594310,province_capital_fallback,NASA_POWER,30,10948,22.377,107.365,22.11,1286.5,72.2,365
prefecture-chuxiong-yi-autonomous-prefecture,楚雄彝族自治州,567680,direct,NOAA_GSOD,30,10944,25.046,101.528,17.1,823.7,56.4,365
prefecture-chuzhou,滁州市,583210,province_capital_fallback,NASA_POWER,30,10948,32.254,118.328,15.51,1043.5,63.2,365
prefecture-city-jilin,白山市,541610,city_alias_fallback,NASA_POWER,30,10945,41.937,126.418,3.83,755.5,57.4,365
prefecture-city-jilin-2,松原市,541610,city_alias_fallback,NASA_POWER,30,10945,45.139,124.817,5.09,480.7,51.4,365
prefecture-dali-bai-autonomous-prefecture,大理白族自治州,567510,direct,NOAA_GSOD,30,10944,25.61,100.266,15.87,904.4,56.8,365
prefecture-dalian,大连市,546620,direct,NOAA_GSOD,30,10948,38.921,121.639,11.91,626.4,57.1,365
prefecture-dandong,丹东市,544970,direct,NOAA_GSOD,30,10945,40.001,124.354,9.52,965.2,55.1,365
prefecture-danzhou,儋州市,597580,province_capital_fallback,NASA_POWER,27,9876,19.521,109.581,24.19,1773.0,66.1,365
prefecture-daqing,大庆市,509530,city_alias_fallback,NASA_POWER,30,10945,46.589,125.104,4.06,462.8,50.2,365
prefecture-datong,大同市,534870,direct,NOAA_GSOD,30,10926,40.076,113.3,7.9,418.6,51.1,365
prefecture-daxinganling-prefecture,大兴安岭地区,509530,province_capital_fallback,NASA_POWER,30,10945,52.341,124.562,-2.74,572.1,56.4,365
prefecture-dazhou,达州市,562940,city_alias_fallback,NASA_POWER,30,10922,31.209,107.468,16.59,1156.2,76.6,365
prefecture-dehong-dai-and-jingpo-autonomous-prefecture,德宏傣族景颇族自治州,567780,province_capital_fallback,NASA_POWER,30,10949,24.433,98.585,17.17,1156.3,60.7,365
prefecture-deyang,德阳市,562940,city_alias_fallback,NASA_POWER,30,10922,31.127,104.398,16.84,876.4,82.7,365
prefecture-dezhou,德州市,547140,direct,NASA_POWER,4,1460,37.434,116.357,13.75,532.1,53.4,365
prefecture-dingxi,定西市,528890,city_alias_fallback,NASA_POWER,13,4748,35.583,104.626,7.2,461.4,59.5,365
prefecture-diqing-tibetan-autonomous-prefecture,迪庆藏族自治州,567780,province_capital_fallback,NASA_POWER,30,10949,27.819,99.702,5.79,716.2,68.3,365
prefecture-dongguan,东莞市,592870,city_alias_fallback,NASA_POWER,30,10948,23.021,113.752,22.67,1662.4,69.0,365
prefecture-dongying,东营市,548230,city_alias_fallback,NASA_POWER,30,10944,37.433,118.674,13.35,556.5,53.6,365
prefecture-enshi-tujia-and-miao-autonomous-prefecture,恩施土家族苗族自治州,574470,direct,NOAA_GSOD,30,10942,30.272,109.488,16.72,1299.9,75.7,365
prefecture-ezhou,鄂州市,574940,city_alias_fallback,NASA_POWER,30,10946,30.393,114.89,17.37,1352.6,67.2,365
prefecture-fangchenggang,防城港市,594310,province_capital_fallback,NASA_POWER,30,10948,21.687,108.354,23.16,1577.2,70.0,365
prefecture-foshan,佛山市,592870,city_alias_fallback,NASA_POWER,30,10948,23.022,113.121,22.5,1703.0,69.0,365
prefecture-fushun,抚顺市,543420,city_alias_fallback,NASA_POWER,30,10944,41.881,123.957,7.54,680.8,52.7,365
prefecture-fuxin,阜新市,542370,direct,NASA_POWER,0,126,42.022,121.67,7.98,473.0,53.3,365
prefecture-fuyang,阜阳市,582030,direct,NOAA_GSOD,30,10940,32.889,115.814,15.86,911.3,64.1,365
prefecture-fuzhou-fujian,福州市,588470,direct,NOAA_GSOD,30,10944,26.15,119.283,20.47,1454.0,68.8,365
prefecture-fuzhou-jiangxi,抚州市,586060,province_capital_fallback,NASA_POWER,30,10946,27.949,116.358,18.29,1734.8,70.2,365
prefecture-gannan-tibetan-autonomous-prefecture,甘南藏族自治州,528890,province_capital_fallback,NASA_POWER,13,4748,34.983,102.911,2.69,562.1,62.6,365
prefecture-ganzhou,赣州市,579930,direct,NOAA_GSOD,30,10944,25.831,114.933,20.01,1470.7,70.4,365
prefecture-garze-tibetan-autonomous-prefecture,甘孜藏族自治州,563740,direct_quality_override,NOAA_GSOD,30,10939,30.049,101.962,7.94,952.8,65.0,365
prefecture-golog-tibetan-autonomous-prefecture,果洛藏族自治州,528660,province_capital_fallback,NASA_POWER,30,10942,34.471,100.245,-2.19,540.2,63.3,365
prefecture-guangan,广安市,562940,city_alias_fallback,NASA_POWER,30,10922,30.455,106.633,17.02,1096.3,79.0,365
prefecture-guangyuan,广元市,572060,direct,NASA_POWER,0,0,32.435,105.843,13.61,917.4,76.7,365
prefecture-guangzhou,广州市,592870,direct,NOAA_GSOD,30,10948,23.117,113.25,22.99,1703.0,69.0,365
prefecture-guigang,贵港市,594310,province_capital_fallback,NASA_POWER,30,10948,23.111,109.599,21.62,1550.3,71.5,365
prefecture-guilin,桂林市,579570,direct,NOAA_GSOD,30,10946,25.234,110.18,19.46,1711.2,73.9,365
prefecture-guiyang,贵阳市,578160,direct,NOAA_GSOD,30,10944,26.573,106.706,15.1,1132.8,78.2,365
prefecture-guyuan,固原市,538170,direct,NASA_POWER,0,250,36.016,106.243,7.73,438.1,57.1,365
prefecture-haibei-tibetan-autonomous-prefecture,海北藏族自治州,528660,province_capital_fallback,NASA_POWER,30,10942,36.955,100.901,0.85,423.4,57.8,365
prefecture-haidong,海东市,528660,city_alias_fallback,NASA_POWER,30,10942,36.502,102.105,5.23,457.3,61.0,365
prefecture-haikou,海口市,597580,direct,NOAA_GSOD,27,9876,20.05,110.167,24.72,1670.1,66.1,365
prefecture-hainan-tibetan-autonomous-prefecture,海南藏族自治州,528660,province_capital_fallback,NASA_POWER,30,10942,36.297,100.623,1.02,398.7,57.8,365
prefecture-haixi-mongol-and-tibetan-autonomous-prefecture,海西蒙古族藏族自治州,527370,direct,NOAA_GSOD,30,10931,37.377,97.369,5.23,246.9,63.6,365
prefecture-hami,哈密市,522030,city_alias_fallback,NASA_POWER,30,10945,42.825,93.513,7.67,71.4,53.3,365
prefecture-handan,邯郸市,536980,province_capital_fallback,NASA_POWER,30,10933,36.626,114.539,14.62,552.4,56.1,365
prefecture-hangzhou,杭州市,584570,direct,NOAA_GSOD,30,10949,30.249,120.205,17.56,1406.6,67.0,365
prefecture-hanzhong,汉中市,571270,direct,NOAA_GSOD,30,10944,33.068,107.023,15.36,951.3,71.6,365
prefecture-harbin,哈尔滨市,509530,direct,NOAA_GSOD,30,10945,45.801,126.529,5.27,521.4,54.2,365
prefecture-hebi,鹤壁市,570830,city_alias_fallback,NASA_POWER,30,10946,35.748,114.296,14.8,590.2,59.2,365
prefecture-hechi,河池市,590230,direct,NOAA_GSOD,30,10944,24.693,108.085,20.93,1486.6,74.3,365
prefecture-hefei,合肥市,583210,direct,NOAA_GSOD,30,10948,31.867,117.281,16.56,1095.0,64.4,365
prefecture-hegang,鹤岗市,507750,direct,NASA_POWER,0,77,47.35,130.298,1.59,650.0,56.8,365
prefecture-heihe,黑河市,509530,city_alias_fallback,NASA_POWER,30,10945,50.245,127.528,0.28,579.2,56.8,365
prefecture-hengshui,衡水市,536980,city_alias_fallback,NASA_POWER,30,10933,37.739,115.67,13.93,511.5,55.2,365
prefecture-hengyang,衡阳市,578720,direct,NASA_POWER,4,1151,26.893,112.572,18.01,1464.7,73.4,365
prefecture-heyuan,河源市,592930,direct,NOAA_GSOD,30,10944,23.744,114.701,22.09,1700.3,68.2,365
prefecture-heze,菏泽市,549060,city_alias_fallback,NASA_POWER,4,1472,35.233,115.482,14.95,640.3,58.4,365
prefecture-hezhou,贺州市,594310,province_capital_fallback,NASA_POWER,30,10948,24.371,111.359,19.26,1587.4,71.7,365
prefecture-hinggan-league,兴安盟,534630,province_capital_fallback,NASA_POWER,30,10947,46.082,122.037,4.26,437.2,51.7,365
prefecture-hohhot,呼和浩特市,534630,direct,NOAA_GSOD,30,10947,40.842,111.75,7.35,363.3,49.9,365
prefecture-hong-kong,香港,450070,direct,NOAA_GSOD,30,10947,22.319,114.169,24.26,1532.9,66.7,365
prefecture-honghe-hani-and-yi-autonomous-prefecture,红河哈尼族彝族自治州,569850,direct,NOAA_GSOD,30,10945,23.363,103.375,19.53,994.3,64.0,365
prefecture-hotan-prefecture,和田地区,518280,direct,NOAA_GSOD,30,10944,37.111,79.921,13.64,54.7,54.4,365
prefecture-huaian,淮安市,582380,city_alias_fallback,NASA_POWER,30,10947,33.55,119.114,14.99,941.5,62.0,365
prefecture-huaibei,淮北市,583210,province_capital_fallback,NASA_POWER,30,10948,33.956,116.798,14.95,800.0,61.7,365
prefecture-huaihua,怀化市,577490,direct,NASA_POWER,0,0,27.57,110.002,16.73,1296.3,74.4,365
prefecture-huainan,淮南市,583210,province_capital_fallback,NASA_POWER,30,10948,32.625,117.0,15.98,988.0,63.2,365
prefecture-huanggang,黄冈市,574940,city_alias_fallback,NASA_POWER,30,10946,30.454,114.872,17.37,1352.6,67.2,365
prefecture-huangnan-tibetan-autonomous-prefecture,黄南藏族自治州,528660,province_capital_fallback,NASA_POWER,30,10942,35.52,102.015,1.39,501.0,60.8,365
prefecture-huangshan-city,黄山市,584370,direct,NOAA_GSOD,30,10940,29.715,118.338,8.81,1816.5,68.8,365
prefecture-huangshi,黄石市,574940,city_alias_fallback,NASA_POWER,30,10946,30.2,115.039,17.17,1473.5,66.8,365
prefecture-huizhou,惠州市,594930,city_alias_fallback,NASA_POWER,30,10948,23.112,114.415,22.29,1556.6,68.2,365
prefecture-huludao,葫芦岛市,543420,city_alias_fallback,NASA_POWER,30,10944,40.711,120.837,10.25,546.4,55.2,365
prefecture-hulunbuir,呼伦贝尔市,534630,city_alias_fallback,NASA_POWER,30,10947,49.212,119.766,-0.22,408.3,55.8,365
prefecture-huzhou,湖州市,584570,city_alias_fallback,NASA_POWER,30,10949,30.894,120.087,16.9,1256.4,67.0,365
prefecture-ili-kazakh-autonomous-prefecture,伊犁哈萨克自治州,514635,province_capital_fallback,NASA_POWER,30,10925,43.914,81.327,10.93,253.5,58.4,365
prefecture-jiamusi,佳木斯市,508730,direct,NASA_POWER,0,0,46.8,130.318,3.04,578.9,55.7,365
prefecture-jian,吉安市,577990,direct,NOAA_GSOD,30,10945,27.087,114.965,19.17,1592.2,71.5,365
prefecture-jiangmen,江门市,592870,city_alias_fallback,NASA_POWER,30,10948,22.598,113.091,22.78,1697.6,66.7,365
prefecture-jiaozuo,焦作市,570830,city_alias_fallback,NASA_POWER,30,10946,35.216,113.242,14.85,618.3,58.4,365
prefecture-jiaxing,嘉兴市,584570,city_alias_fallback,NASA_POWER,30,10949,30.754,120.759,16.84,1230.5,67.0,365
prefecture-jiayuguan-city,嘉峪关市,528890,province_capital_fallback,NASA_POWER,13,4748,39.772,98.289,9.67,102.0,62.1,365
prefecture-jieyang,揭阳市,593160,city_alias_fallback,NASA_POWER,30,10948,23.549,116.372,21.53,1546.2,66.3,365
prefecture-jilin-city,吉林市,541720,direct,NASA_POWER,0,115,43.836,126.55,5.22,642.1,56.4,365
prefecture-jinan,济南市,548230,direct,NOAA_GSOD,30,10944,36.633,117.017,15.07,714.9,54.4,365
prefecture-jinchang,金昌市,526740,direct,NASA_POWER,4,1383,38.52,102.187,6.8,205.5,54.9,365
prefecture-jincheng,晋城市,537720,city_alias_fallback,NASA_POWER,30,10949,35.489,112.852,11.82,606.5,58.1,365
prefecture-jingdezhen,景德镇市,585270,direct,NOAA_GSOD,30,10945,29.269,117.178,18.44,1782.9,67.9,365
prefecture-jingmen,荆门市,574940,province_capital_fallback,NASA_POWER,30,10946,31.035,112.2,16.66,1032.1,66.3,365
prefecture-jingzhou,荆州市,574760,direct,NOAA_GSOD,30,10944,30.335,112.24,17.37,1095.6,68.5,365
prefecture-jinhua,金华市,585490,direct,NASA_POWER,4,1296,29.079,119.647,16.59,1479.6,68.6,365
prefecture-jining,济宁市,548230,city_alias_fallback,NASA_POWER,30,10944,35.415,116.587,14.35,708.7,57.5,365
prefecture-jinzhong,晋中市,537720,city_alias_fallback,NASA_POWER,30,10949,37.687,112.752,10.22,476.6,51.1,365
prefecture-jinzhou,锦州市,543370,direct,NOAA_GSOD,30,10945,41.096,121.126,10.46,536.0,49.5,365
prefecture-jiujiang,九江市,586060,province_capital_fallback,NASA_POWER,30,10946,29.705,116.003,17.38,1729.6,66.5,365
prefecture-jiuquan,酒泉市,525330,direct,NOAA_GSOD,30,10945,39.734,98.494,8.46,136.0,62.1,365
prefecture-jixi,鸡西市,509780,direct,NOAA_GSOD,30,10945,45.296,130.969,4.76,550.9,56.5,365
prefecture-kaifeng,开封市,570910,direct,NASA_POWER,0,93,34.797,114.308,15.08,622.9,60.6,365
prefecture-karamay,克拉玛依市,512430,city_alias_fallback,NASA_POWER,30,10945,45.579,84.887,10.4,144.4,56.2,365
prefecture-kashgar-prefecture,喀什地区,514635,province_capital_fallback,NASA_POWER,30,10925,37.871,77.192,13.37,67.8,56.4,365
prefecture-kizilsu-kyrgyz-autonomous-prefecture,克孜勒苏柯尔克孜自治州,514635,province_capital_fallback,NASA_POWER,30,10925,39.715,76.168,12.96,110.2,55.8,365
prefecture-kunming,昆明市,567780,direct,NOAA_GSOD,30,10949,25.04,102.717,15.83,831.9,60.7,365
prefecture-laibin,来宾市,594310,province_capital_fallback,NASA_POWER,30,10948,23.75,109.221,20.81,1565.2,71.5,365
prefecture-langfang,廊坊市,536980,province_capital_fallback,NASA_POWER,30,10933,39.538,116.684,12.24,523.0,50.7,365
prefecture-lanzhou,兰州市,528890,direct,NOAA_GSOD,13,4748,36.061,103.832,10.73,399.4,57.5,365
prefecture-leshan,乐山市,563860,direct,NASA_POWER,1,883,29.552,103.766,16.85,1123.9,84.2,365
prefecture-lhasa,拉萨市,555910,direct,NOAA_GSOD,30,10928,29.649,91.098,9.27,429.7,57.6,365
prefecture-liangshan-yi-autonomous-prefecture,凉山彝族自治州,565710,direct,NOAA_GSOD,30,10945,27.882,102.268,17.68,955.2,64.9,365
prefecture-lianyungang,连云港市,580270,city_alias_fallback,NASA_POWER,30,10944,34.597,119.222,14.56,878.6,58.7,365
prefecture-liaocheng,聊城市,548230,city_alias_fallback,NASA_POWER,30,10944,36.457,115.986,14.08,632.7,56.4,365
prefecture-liaoyang,辽阳市,543420,city_alias_fallback,NASA_POWER,30,10944,41.267,123.237,8.59,630.2,52.7,365
prefecture-liaoyuan,辽源市,541610,city_alias_fallback,NASA_POWER,30,10945,42.888,125.144,5.65,642.6,54.8,365
prefecture-lijiang,丽江市,566510,direct,NOAA_GSOD,30,10944,26.855,100.227,13.6,912.7,60.0,365
prefecture-lincang,临沧市,569510,direct,NOAA_GSOD,30,10943,23.884,100.089,18.23,1124.4,60.0,365
prefecture-linfen,临汾市,537720,city_alias_fallback,NASA_POWER,30,10949,36.088,111.519,11.72,520.4,53.6,365
prefecture-linxia-hui-autonomous-prefecture,临夏回族自治州,529840,direct,NASA_POWER,0,297,35.601,103.211,6.23,492.2,61.6,365
prefecture-linyi,临沂市,549380,direct,NASA_POWER,7,2555,35.104,118.356,13.88,791.0,55.8,365
prefecture-lishui,丽水市,586460,direct,NOAA_GSOD,30,10943,28.467,119.923,19.04,1475.1,67.7,365
prefecture-liupanshui,六盘水市,578160,city_alias_fallback,NASA_POWER,30,10944,26.593,104.83,13.98,1059.0,70.7,365
prefecture-liuzhou,柳州市,590460,direct,NOAA_GSOD,30,10941,24.326,109.428,21.25,1618.8,72.8,365
prefecture-longnan,陇南市,560960,direct,NOAA_GSOD,30,10945,33.401,104.922,15.45,569.2,71.4,365
prefecture-longyan,龙岩市,589270,direct,NASA_POWER,3,911,25.076,117.017,18.39,1545.9,68.3,365
prefecture-loudi,娄底市,576870,city_alias_fallback,NASA_POWER,30,10945,27.7,111.993,16.78,1376.8,72.7,365
prefecture-luan,六安市,583210,province_capital_fallback,NASA_POWER,30,10948,31.734,116.521,15.38,1296.4,66.2,365
prefecture-luliang,吕梁市,537720,city_alias_fallback,NASA_POWER,30,10949,37.518,111.144,8.17,470.2,51.0,365
prefecture-luohe,漯河市,570830,city_alias_fallback,NASA_POWER,30,10946,33.58,114.016,15.48,798.0,62.8,365
prefecture-luoyang,洛阳市,570730,direct_quality_override,NASA_POWER,0,0,34.62,112.454,14.42,635.1,60.7,365
prefecture-luzhou,泸州市,576020,direct,NOAA_GSOD,12,4365,28.871,105.441,18.05,1032.6,79.6,365
prefecture-maanshan,马鞍山市,583210,province_capital_fallback,NASA_POWER,30,10948,31.67,118.506,16.38,1251.1,65.0,365
prefecture-macau,澳门,450110,direct,NOAA_GSOD,30,10912,22.199,113.544,23.1,1704.4,66.7,365
prefecture-maoming,茂名市,596580,city_alias_fallback,NASA_POWER,30,10940,21.663,110.926,23.6,1673.3,69.0,365
prefecture-meishan,眉山市,562940,city_alias_fallback,NASA_POWER,30,10922,30.077,103.848,17.34,1115.4,84.2,365
prefecture-meizhou,梅州市,593160,city_alias_fallback,NASA_POWER,30,10948,24.289,116.122,20.67,1503.6,67.2,365
prefecture-mianyang,绵阳市,561960,direct,NOAA_GSOD,30,10929,31.467,104.678,17.26,851.1,82.7,365
prefecture-mudanjiang,牡丹江市,540940,direct,NOAA_GSOD,30,10940,44.552,129.633,5.03,613.7,57.7,365
prefecture-nagqu,那曲市,552990,direct,NOAA_GSOD,30,10914,31.478,92.048,0.2,454.5,65.1,365
prefecture-nanchang,南昌市,586060,direct,NOAA_GSOD,30,10946,28.647,116.035,18.56,1694.6,67.3,365
prefecture-nanchong,南充市,574110,direct,NOAA_GSOD,30,10943,30.838,106.109,17.76,959.9,79.0,365
prefecture-nanjing,南京市,582380,direct,NOAA_GSOD,30,10947,32.044,118.779,16.35,1141.5,63.2,365
prefecture-nanning,南宁市,594310,direct,NOAA_GSOD,30,10948,22.816,108.366,22.13,1342.3,70.9,365
prefecture-nanping,南平市,588340,direct,NOAA_GSOD,30,10944,26.642,118.178,20.39,1645.2,68.8,365
prefecture-nantong,南通市,548525,direct,NASA_POWER,0,1,31.98,120.895,15.93,1055.1,64.6,365
prefecture-nanyang,南阳市,571780,direct,NOAA_GSOD,30,10943,32.99,112.528,15.72,814.9,66.5,365
prefecture-neijiang,内江市,575030,direct,NASA_POWER,6,2082,29.58,105.058,18.15,992.7,80.8,365
prefecture-ngari-prefecture,阿里地区,552280,direct,NOAA_GSOD,30,10921,33.105,82.566,1.76,95.7,56.8,365
prefecture-ngawa-tibetan-and-qiang-autonomous-prefecture,阿坝藏族羌族自治州,562940,province_capital_fallback,NASA_POWER,30,10922,31.899,102.225,2.11,760.9,66.9,365
prefecture-ningbo,宁波市,585620,direct,NASA_POWER,4,1278,29.864,121.621,17.43,1367.2,69.1,365
prefecture-ningde,宁德市,588470,city_alias_fallback,NASA_POWER,30,10944,26.666,119.548,17.47,1521.5,68.8,365
prefecture-nujiang-lisu-autonomous-prefecture,怒江傈僳族自治州,567780,province_capital_fallback,NASA_POWER,30,10949,25.818,98.856,12.21,961.9,67.8,365
prefecture-nyingchi,林芝市,563120,city_alias_fallback,NASA_POWER,30,10911,29.549,94.638,2.85,766.1,72.7,365
prefecture-ordos-city,鄂尔多斯市,534630,city_alias_fallback,NASA_POWER,30,10947,39.608,109.781,7.58,367.4,50.3,365
prefecture-panjin,盘锦市,543420,city_alias_fallback,NASA_POWER,30,10944,41.12,122.071,9.35,555.0,50.6,365
prefecture-panzhihua,攀枝花市,562940,city_alias_fallback,NASA_POWER,30,10922,26.582,101.718,17.69,941.6,57.9,365
prefecture-pingdingshan,平顶山市,570830,city_alias_fallback,NASA_POWER,30,10946,33.766,113.192,15.05,706.4,63.8,365
prefecture-pingliang,平凉市,539150,direct,NOAA_GSOD,30,10945,35.544,106.665,9.89,522.2,61.4,365
prefecture-pingxiang,萍乡市,586060,province_capital_fallback,NASA_POWER,30,10946,27.623,113.855,17.31,1609.1,72.4,365
prefecture-puer-city,普洱市,567780,city_alias_fallback,NASA_POWER,30,10949,22.825,100.966,18.61,1427.6,59.0,365
prefecture-putian,莆田市,588470,city_alias_fallback,NASA_POWER,30,10944,25.453,119.008,18.47,1335.3,68.7,365
prefecture-puyang,濮阳市,570830,city_alias_fallback,NASA_POWER,30,10946,35.762,115.028,14.78,561.7,58.4,365
prefecture-qiandongnan-miao-and-dong-autonomous-prefecture,黔东南苗族侗族自治州,578160,province_capital_fallback,NASA_POWER,30,10944,26.584,107.983,15.23,1188.7,78.5,365
prefecture-qiannan-buyei-and-miao-autonomous-prefecture,黔南布依族苗族自治州,578160,province_capital_fallback,NASA_POWER,30,10944,26.254,107.522,14.99,1174.6,78.5,365
prefecture-qianxinan-buyei-and-miao-autonomous-prefecture,黔西南布依族苗族自治州,578160,province_capital_fallback,NASA_POWER,30,10944,25.088,104.906,16.71,1126.7,68.8,365
prefecture-qingdao,青岛市,548570,direct,NOAA_GSOD,30,10949,36.083,120.333,13.75,688.0,56.8,365
prefecture-qingyang,庆阳市,528890,city_alias_fallback,NASA_POWER,13,4748,35.739,107.632,10.72,539.5,61.5,365
prefecture-qingyuan,清远市,592870,city_alias_fallback,NASA_POWER,30,10948,23.682,113.056,21.7,1777.4,69.0,365
prefecture-qinhuangdao,秦皇岛市,545340,city_alias_fallback,NASA_POWER,29,10546,39.936,119.6,10.17,606.7,51.6,365
prefecture-qinzhou,钦州市,596320,direct,NOAA_GSOD,30,10944,21.98,108.654,22.99,1664.6,70.0,365
prefecture-qiqihar,齐齐哈尔市,507450,direct,NOAA_GSOD,30,10945,47.354,123.918,4.76,463.7,53.5,365
prefecture-qitaihe,七台河市,509530,city_alias_fallback,NASA_POWER,30,10945,45.772,131.002,3.08,556.1,56.5,365
prefecture-quanzhou,泉州市,583212,city_alias_fallback,NASA_POWER,0,1,24.874,118.676,20.73,1369.4,64.0,365
prefecture-qujing,曲靖市,567780,city_alias_fallback,NASA_POWER,30,10949,25.72,103.986,14.16,917.3,62.8,365
prefecture-quzhou,衢州市,586330,direct,NOAA_GSOD,30,10944,28.97,118.86,18.02,1590.5,67.3,365
prefecture-rizhao,日照市,549450,direct,NOAA_GSOD,30,10931,35.415,119.527,13.86,755.1,57.1,365
prefecture-sanmenxia,三门峡市,570730,city_alias_fallback,NASA_POWER,0,0,34.773,111.2,12.68,584.4,60.7,365
prefecture-sanming,三明市,588200,direct,NASA_POWER,4,1203,26.263,117.639,17.6,1639.9,70.2,365
prefecture-sansha,三沙市,597580,province_capital_fallback,NASA_POWER,27,9876,16.834,112.338,26.82,1371.1,65.6,365
prefecture-sanya,三亚市,574941,direct_quality_override,NOAA_GSOD,16,6012,18.303,109.412,26.24,1759.8,65.1,365
prefecture-shanghai,上海市,583620,direct,NOAA_GSOD,30,10780,31.23,121.474,17.22,1191.9,64.3,365
prefecture-shangluo,商洛市,570360,city_alias_fallback,NASA_POWER,30,10948,33.87,109.941,11.33,735.7,67.4,365
prefecture-shangqiu,商丘市,580050,direct,NASA_POWER,0,79,34.415,115.656,15.09,684.7,59.8,365
prefecture-shangrao,上饶市,586260,direct,NASA_POWER,4,1162,28.455,117.943,17.35,1740.8,67.8,365
prefecture-shannan,山南市,555910,city_alias_fallback,NASA_POWER,30,10928,28.763,91.752,1.41,385.5,56.8,365
prefecture-shantou,汕头市,593160,direct,NOAA_GSOD,30,10948,23.354,116.682,22.57,1417.2,66.3,365
prefecture-shanwei,汕尾市,595010,direct,NOAA_GSOD,30,10945,22.786,115.375,22.83,1663.3,64.7,365
prefecture-shaoguan,韶关市,590820,direct,NOAA_GSOD,30,10945,24.811,113.597,20.61,1711.5,69.6,365
prefecture-shaoxing,绍兴市,584570,city_alias_fallback,NASA_POWER,30,10949,29.995,120.586,16.68,1400.5,68.1,365
prefecture-shaoyang,邵阳市,577660,direct,NOAA_GSOD,30,10942,27.239,111.468,17.75,1353.6,72.7,365
prefecture-shenyang,沈阳市,543420,direct,NOAA_GSOD,30,10944,41.796,123.448,8.7,680.8,52.7,365
prefecture-shenzhen,深圳市,594930,direct,NOAA_GSOD,30,10948,22.62,114.07,23.57,1532.9,66.7,365
prefecture-shigatse,日喀则市,555910,city_alias_fallback,NASA_POWER,30,10928,29.106,86.875,-0.53,339.3,56.9,365
prefecture-shijiazhuang,石家庄市,536980,direct,NOAA_GSOD,30,10933,38.044,114.514,14.68,519.8,51.9,365
prefecture-shiyan,十堰市,574940,city_alias_fallback,NASA_POWER,30,10946,32.63,110.798,13.48,773.1,67.8,365
prefecture-shizuishan,石嘴山市,535190,direct,NASA_POWER,0,304,38.983,106.383,8.66,178.7,50.8,365
prefecture-shuangyashan,双鸭山市,509530,city_alias_fallback,NASA_POWER,30,10945,46.646,131.159,2.67,574.7,55.7,365
prefecture-shuozhou,朔州市,534870,city_alias_fallback,NASA_POWER,30,10926,39.331,112.432,6.26,438.8,51.7,365
prefecture-siping,四平市,541570,direct,NOAA_GSOD,30,10925,43.166,124.35,7.6,596.3,51.6,365
prefecture-suihua,绥化市,509530,city_alias_fallback,NASA_POWER,30,10945,46.654,126.969,3.46,556.4,53.8,365
prefecture-suining,遂宁市,574050,direct,NASA_POWER,1,894,30.533,105.592,17.93,936.3,79.9,365
prefecture-suizhou,随州市,573850,direct,NASA_POWER,3,1094,31.69,113.382,15.92,988.4,65.6,365
prefecture-suqian,宿迁市,580270,city_alias_fallback,NASA_POWER,30,10944,33.962,118.276,14.92,833.3,62.2,365
prefecture-suzhou-anhui,宿州市,583210,province_capital_fallback,NASA_POWER,30,10948,33.646,116.964,15.33,858.1,61.7,365
prefecture-suzhou-jiangsu,苏州市,583580,city_alias_fallback,NASA_POWER,4,1191,31.3,120.617,16.39,1110.3,64.6,365
prefecture-tacheng-prefecture,塔城地区,511330,direct,NOAA_GSOD,30,10945,45.749,84.285,8.17,165.3,56.2,365
prefecture-taian,泰安市,548230,city_alias_fallback,NASA_POWER,30,10944,36.2,117.088,13.7,744.4,54.4,365
prefecture-taiyuan,太原市,537720,direct,NOAA_GSOD,30,10949,37.867,112.55,11.12,463.0,51.1,365
prefecture-taizhou-jiangsu,泰州市,582380,city_alias_fallback,NASA_POWER,30,10947,32.455,119.923,15.65,1031.0,62.5,365
prefecture-taizhou-zhejiang,台州市,585620,city_alias_fallback,NASA_POWER,4,1278,28.656,121.422,17.42,1469.8,69.6,365
prefecture-tangshan,唐山市,545340,direct,NOAA_GSOD,29,10546,39.631,118.179,12.5,559.1,51.1,365
prefecture-tianjin,天津市,545270,direct,NOAA_GSOD,30,10933,39.084,117.201,13.53,523.5,51.6,365
prefecture-tianshui,天水市,570060,direct,NOAA_GSOD,13,4739,34.576,105.709,11.96,548.3,66.6,365
prefecture-tieling,铁岭市,543420,city_alias_fallback,NASA_POWER,30,10944,42.224,123.726,7.54,680.8,50.4,365
prefecture-tongchuan,铜川市,539470,direct,NASA_POWER,8,2711,34.898,108.945,11.62,595.3,63.9,365
prefecture-tonghua,通化市,543630,direct,NASA_POWER,0,91,41.728,125.94,4.2,809.5,56.8,365
prefecture-tongliao,通辽市,541350,direct,NOAA_GSOD,30,10943,43.653,122.244,7.7,395.3,49.5,365
prefecture-tongling,铜陵市,583210,province_capital_fallback,NASA_POWER,30,10948,30.945,117.811,16.32,1486.0,67.4,365
prefecture-tongren,铜仁市,578160,city_alias_fallback,NASA_POWER,30,10944,27.732,109.189,16.01,1260.7,76.3,365
prefecture-turpan,吐鲁番市,515730,city_alias_fallback,NASA_POWER,30,10943,42.964,89.185,12.99,71.5,50.1,365
prefecture-ulanqab,乌兰察布市,534630,city_alias_fallback,NASA_POWER,30,10947,40.995,113.132,4.33,370.6,51.1,365
prefecture-urumqi,乌鲁木齐市,514635,direct,NOAA_GSOD,30,10925,43.717,87.633,8.79,283.1,59.4,365
prefecture-weifang,潍坊市,548430,direct,NOAA_GSOD,30,10944,36.706,119.162,13.28,631.3,55.3,365
prefecture-weihai,威海市,547740,direct,NASA_POWER,0,99,37.513,122.115,12.86,673.7,61.3,365
prefecture-weinan,渭南市,570360,city_alias_fallback,NASA_POWER,30,10948,34.499,109.503,14.85,666.1,62.7,365
prefecture-wenshan-zhuang-and-miao-autonomous-prefecture,文山壮族苗族自治州,569940,direct,NASA_POWER,1,957,23.401,104.216,16.53,1070.4,69.1,365
prefecture-wenzhou,温州市,586590,direct,NOAA_GSOD,11,3831,27.993,120.699,18.6,1511.5,71.0,365
prefecture-wuhai,乌海市,534630,city_alias_fallback,NASA_POWER,30,10947,39.655,106.794,8.39,187.3,51.1,365
prefecture-wuhan,武汉市,574940,direct,NOAA_GSOD,30,10946,30.583,114.317,17.53,1273.5,67.2,365
prefecture-wuhu,芜湖市,583340,direct,NASA_POWER,0,0,31.353,118.433,16.39,1262.1,65.0,365
prefecture-wuwei,武威市,528890,city_alias_fallback,NASA_POWER,13,4748,37.928,102.641,8.07,265.1,61.4,365
prefecture-wuxi,无锡市,583580,city_alias_fallback,NASA_POWER,4,1191,31.49,120.313,16.39,1110.3,64.6,365
prefecture-wuzhong,吴忠市,536140,city_alias_fallback,NASA_POWER,30,10944,37.998,106.198,10.32,217.0,53.0,365
prefecture-wuzhou,梧州市,592650,direct,NOAA_GSOD,30,10944,23.477,111.279,21.6,1524.4,70.8,365
prefecture-xiamen,厦门市,591340,direct,NOAA_GSOD,30,10947,24.48,118.085,21.84,1313.7,64.0,365
prefecture-xian,西安市,570360,direct,NOAA_GSOD,30,10948,34.259,108.945,14.23,631.2,63.9,365
prefecture-xiangtan,湘潭市,577730,direct,NASA_POWER,0,0,27.83,112.944,17.87,1508.6,72.5,365
prefecture-xiangxi-tujia-and-miao-autonomous-prefecture,湘西土家族苗族自治州,576870,province_capital_fallback,NASA_POWER,30,10945,28.312,109.739,15.76,1344.7,77.0,365
prefecture-xiangyang,襄阳市,574940,city_alias_fallback,NASA_POWER,30,10946,32.009,112.123,16.11,852.8,66.5,365
prefecture-xianning,咸宁市,574940,city_alias_fallback,NASA_POWER,30,10946,29.844,114.317,17.27,1394.8,69.7,365
prefecture-xianyang,咸阳市,570360,direct,NOAA_GSOD,30,10948,34.33,108.709,14.23,631.2,63.9,365
prefecture-xiaogan,孝感市,574940,city_alias_fallback,NASA_POWER,30,10946,30.918,113.957,16.86,1125.7,67.5,365
prefecture-xilingol-league,锡林郭勒盟,534630,province_capital_fallback,NASA_POWER,30,10947,43.934,116.048,2.73,292.2,55.2,365
prefecture-xingtai,邢台市,537980,direct,NOAA_GSOD,30,10945,37.07,114.505,14.78,538.8,54.8,365
prefecture-xining,西宁市,528660,direct,NOAA_GSOD,30,10942,36.617,101.778,6.38,457.3,61.2,365
prefecture-xinxiang,新乡市,570830,city_alias_fallback,NASA_POWER,30,10946,35.303,113.926,14.43,609.1,58.4,365
prefecture-xinyang,信阳市,572970,direct,NOAA_GSOD,30,10945,32.147,114.09,16.09,1033.8,64.6,365
prefecture-xinyu,新余市,586060,province_capital_fallback,NASA_POWER,30,10946,27.818,114.917,17.82,1660.0,71.5,365
prefecture-xinzhou,忻州市,536640,direct,NASA_POWER,0,87,38.416,112.734,7.27,459.7,51.2,365
prefecture-xishuangbanna-dai-autonomous-prefecture,西双版纳傣族自治州,569590,direct,NOAA_GSOD,30,10932,22.009,100.797,23.3,1222.3,59.0,365
prefecture-xuancheng,宣城市,583210,province_capital_fallback,NASA_POWER,30,10948,30.94,118.758,16.25,1436.4,66.4,365
prefecture-xuchang,许昌市,570890,direct,NASA_POWER,0,88,34.036,113.852,15.4,723.1,61.0,365
prefecture-xuzhou,徐州市,580270,direct,NOAA_GSOD,30,10944,34.205,117.283,15.41,821.9,59.7,365
prefecture-yaan,雅安市,562870,direct,NOAA_GSOD,30,10926,29.98,103.013,16.86,1234.2,84.2,365
prefecture-yanan,延安市,538450,direct,NOAA_GSOD,30,10945,36.586,109.49,10.8,517.3,56.0,365
prefecture-yanbian-korean-autonomous-prefecture,延边朝鲜族自治州,541610,province_capital_fallback,NASA_POWER,30,10945,42.891,129.509,4.85,632.2,55.3,365
prefecture-yancheng,盐城市,591625,direct,NASA_POWER,0,1,33.347,120.164,14.84,998.1,65.5,365
prefecture-yangjiang,阳江市,596630,direct,NOAA_GSOD,30,10945,21.858,111.982,22.97,1992.6,68.1,365
prefecture-yangquan,阳泉市,537820,direct,NASA_POWER,0,111,37.857,113.58,10.79,523.4,52.5,365
prefecture-yangzhou,扬州市,582380,city_alias_fallback,NASA_POWER,30,10947,32.393,119.415,15.76,1034.5,62.5,365
prefecture-yantai,烟台市,547630,direct,NASA_POWER,0,0,37.464,121.448,12.62,653.0,57.7,365
prefecture-yibin,宜宾市,564920,direct,NOAA_GSOD,30,10943,28.752,104.642,18.36,1001.7,81.8,365
prefecture-yichang,宜昌市,574610,direct,NOAA_GSOD,30,10944,30.704,111.289,17.26,1141.5,70.9,365
prefecture-yichun-heilongjiang,伊春市,507740,direct,NOAA_GSOD,30,10942,47.728,128.841,1.97,682.5,56.8,365
prefecture-yichun-jiangxi,宜春市,577930,direct,NOAA_GSOD,30,10942,27.816,114.417,18.18,1691.5,71.5,365
prefecture-yinchuan,银川市,536140,direct,NOAA_GSOD,30,10944,38.487,106.231,10.31,202.2,50.8,365
prefecture-yingkou,营口市,544710,direct,NOAA_GSOD,30,10945,40.668,122.234,10.18,668.9,51.8,365
prefecture-yingtan,鹰潭市,586060,province_capital_fallback,NASA_POWER,30,10946,28.26,117.069,18.25,1729.7,67.8,365
prefecture-yiyang,益阳市,576870,city_alias_fallback,NASA_POWER,30,10945,28.554,112.355,17.61,1393.6,71.8,365
prefecture-yongzhou,永州市,576870,city_alias_fallback,NASA_POWER,30,10945,26.42,111.613,18.23,1396.5,72.4,365
prefecture-yueyang,岳阳市,575840,direct,NOAA_GSOD,30,10943,29.357,113.129,17.95,1315.1,68.8,365
prefecture-yulin-guangxi,玉林市,594310,province_capital_fallback,NASA_POWER,30,10948,22.654,110.181,21.78,1591.0,70.0,365
prefecture-yulin-shaanxi,榆林市,536460,city_alias_fallback,NASA_POWER,30,10945,38.285,109.735,8.52,416.4,53.5,365
prefecture-yuncheng,运城市,539590,direct,NOAA_GSOD,30,10945,35.026,111.008,14.75,584.4,57.2,365
prefecture-yunfu,云浮市,592870,city_alias_fallback,NASA_POWER,30,10948,22.916,112.045,21.62,1472.9,69.4,365
prefecture-yushu-tibetan-autonomous-prefecture,玉树藏族自治州,560290,direct,NOAA_GSOD,30,10945,33.012,97.092,4.1,502.6,67.4,365
prefecture-yuxi,玉溪市,568750,direct,NASA_POWER,1,961,24.347,102.527,16.02,790.9,59.0,365
prefecture-zaozhuang,枣庄市,549380,city_alias_fallback,NASA_POWER,7,2555,34.81,117.323,13.93,772.6,59.7,365
prefecture-zhangjiajie,张家界市,576870,city_alias_fallback,NASA_POWER,30,10945,29.117,110.479,15.23,1400.7,74.6,365
prefecture-zhangjiakou,张家口市,544010,direct,NOAA_GSOD,30,10945,40.767,114.886,9.44,405.3,50.0,365
prefecture-zhangye,张掖市,526520,direct,NOAA_GSOD,30,10945,38.931,100.453,8.57,159.9,57.7,365
prefecture-zhangzhou,漳州市,591260,direct,NASA_POWER,4,1210,24.513,117.646,20.62,1419.9,67.5,365
prefecture-zhanjiang,湛江市,596580,direct,NOAA_GSOD,30,10940,21.272,110.36,23.69,1673.3,69.0,365
prefecture-zhaoqing,肇庆市,592780,direct,NOAA_GSOD,30,10943,23.047,112.465,22.83,1648.2,70.6,365
prefecture-zhaotong,昭通市,565860,direct,NOAA_GSOD,30,10928,27.338,103.718,12.55,819.8,72.2,365
prefecture-zhengzhou,郑州市,570830,direct,NOAA_GSOD,30,10946,34.75,113.633,15.29,620.2,61.0,365
prefecture-zhenjiang,镇江市,582380,city_alias_fallback,NASA_POWER,30,10947,32.188,119.428,15.94,1110.0,62.5,365
prefecture-zhongshan,中山市,592870,city_alias_fallback,NASA_POWER,30,10948,22.517,113.383,22.78,1697.6,66.7,365
prefecture-zhongwei,中卫市,536140,city_alias_fallback,NASA_POWER,30,10944,37.5,105.197,9.51,210.7,54.1,365
prefecture-zhoukou,周口市,570830,city_alias_fallback,NASA_POWER,30,10946,33.626,114.697,15.69,822.5,62.8,365
prefecture-zhoushan,舟山市,585620,city_alias_fallback,NASA_POWER,4,1278,29.985,122.208,17.79,1526.4,70.4,365
prefecture-zhuhai,珠海市,592870,city_alias_fallback,NASA_POWER,30,10948,22.271,113.577,23.34,1578.1,66.7,365
prefecture-zhumadian,驻马店市,572900,direct,NOAA_GSOD,30,10921,33.011,114.022,15.87,871.7,62.8,365
prefecture-zhuzhou,株洲市,577800,direct,NASA_POWER,0,0,27.828,113.134,17.87,1508.6,72.4,365
prefecture-zibo,淄博市,548230,city_alias_fallback,NASA_POWER,30,10944,36.813,118.055,13.63,619.7,54.5,365
prefecture-zigong,自贡市,562940,city_alias_fallback,NASA_POWER,30,10922,29.339,104.778,18.15,992.7,82.6,365
prefecture-ziyang,资阳市,562940,city_alias_fallback,NASA_POWER,30,10922,30.129,104.628,17.56,991.9,81.7,365
prefecture-zunyi,遵义市,577130,city_alias_fallback,NASA_POWER,16,5804,27.726,106.927,15.53,1055.2,79.4,365
